Workbook

Sheet Memória Cálculo E-Sol
A1: Projeto | B1: Cliente | C1: Obra paga | D1: Data Término | E1: Mês Pagamento | F1: Qtd Módulos | G1: Potência Módulos | H1: Potência Usina (kWp) | I1: Valor por Obra (R$) | J1: Nota da Obra | K1: Prejuízo/Remoção da Premiação | L1: Valor corrigido por obra (R$) | M1: Elivelton (P) | N1: Fábio (P) | O1: Moisés (P) | P1: Gabriel T. (P) | Q1: Gabriel M. (P) | R1: Hyan (P) | S1: Gustavo G. (P) | T1: Kauã (P) | U1: Gustavo P. (P) | V1: Enderson (P) | W1: Flávio (P) | X1: Ley (P) | Y1: Élder (P) | Z1: Material (P) | AA1: Projeto (P) | AB1: Nº de Participantes | AC1: Elivelton (DP) | AD1: Fábio (DP) | AE1: Moisés (DP) | AF1: Gabriel T. (DP) | AG1: Gabriel M. (DP) | AH1: Hyan (DP) | AI1: Gustavo G. (DP) | AJ1: Kauã (DP) | AK1: Gustavo P. (DP) | AL1: Enderson (DP) | AM1: Flávio (DP) | AN1: Ley (DP) | AO1: Élder (DP) | AP1: Material (DP) | AQ1: Projeto (DP) | AR1: Soma dos Pesos | AS1: Média Ponderada | AT1: Elivelton (360) | AU1: Fábio (360) | AV1: Moisés (360) | AW1: Gabriel T. (360) | AX1: Gabriel M. (360) | AY1: Hyan (360) | AZ1: Gustavo G. (360) | BA1: Kauã (360) | BB1: Gustavo P. (360) | BC1: Enderson (360) | BD1: Flávio 360) | BE1: Ley (360) | BF1: Élder (360) | BG1: Material (360) | BH1: Projeto (360) | BI1: Elivelton (R$) | BJ1: Fábio (R$) | BK1: Moisés (R$) | BL1: Gabriel T. (R$) | BM1: Gabriel M. (R$) | BN1: Hyan (R$) | BO1: Gustavo G. (R$) | BP1: Kauã (R$) | BQ1: Gustavo P. (R$) | BR1: Enderson (R$) | BS1: Flávio (R$) | BT1: Ley (R$) | BU1: Élder (R$) | BV1: Material (R$) | BW1: Projeto (R$) | BX1: Valor Final por obra (R$) | BY1: Elivelton (Fq) | BZ1: Fábio (Fq) | CA1: Moisés (Fq) | CB1: Gabriel T. (Fq) | CC1: Gabriel M. (Fq) | CD1: Hyan (Fq) | CE1: Gustavo G. (Fq) | CF1: Kauã (Fq) | CG1: Gustavo P. (Fq) | CH1: Enderson (Fq) | CI1: Flávio (Fq) | CJ1: Ley (Fq) | CK1: Élder (Fq) | CL1: Material (Fq) | CM1: Projeto (Fq)
A2: =IFERROR(__xludf.DUMMYFUNCTION("IMPORTRANGE(""1JVgAmMknpUlV7MHy1kkNJsmHnDibvSzHA2wp265bu2I"",""Notas!A4:A999"")"),"P774") -> P774 | B2: =IFERROR(__xludf.DUMMYFUNCTION("IMPORTRANGE(""1JVgAmMknpUlV7MHy1kkNJsmHnDibvSzHA2wp265bu2I"",""Notas!B4:B999"")"),"João Luiz Gonzaga") -> João Luiz Gonzaga | C2: x | D2: =IFERROR(__xludf.DUMMYFUNCTION("IMPORTRANGE(""1JVgAmMknpUlV7MHy1kkNJsmHnDibvSzHA2wp265bu2I"",""Notas!D4:D999"")"),45674) -> 45674 | E2: =IF(ISBLANK(D2),"",TEXT(D2,"MMMM")) -> janeiro | F2: =IFERROR(__xludf.DUMMYFUNCTION("IMPORTRANGE(""1JVgAmMknpUlV7MHy1kkNJsmHnDibvSzHA2wp265bu2I"",""Notas!E4:E999"")"),14) -> 14 | G2: =IFERROR(__xludf.DUMMYFUNCTION("IMPORTRANGE(""1JVgAmMknpUlV7MHy1kkNJsmHnDibvSzHA2wp265bu2I"",""Notas!F4:F999"")"),600) -> 600 | H2: =IF(ISBLANK(G2),"",F2*G2/1000) -> 8.4 | I2: =IF(ISBLANK(F2),"",IF(H2<5,200,IF(H2<10,300,IF(H2<20,500,IF(H2<30,750,IF(H2<50,1000,IF(H2<75,1500,IF(H2>75,2000)))))))) -> 300 | J2: =IFERROR(__xludf.DUMMYFUNCTION("IMPORTRANGE(""1JVgAmMknpUlV7MHy1kkNJsmHnDibvSzHA2wp265bu2I"", ""Notas!AI4:AI999"")"),86.2222222222222) -> 86.222222 | K2: FALSE | L2: =IF(K2=TRUE(),0,IF(C2="x",IF(ISBLANK(A2),"", I2*(J2/100)),"PENDENTE")) -> 258.66667 | M2: =IFERROR(__xludf.DUMMYFUNCTION("IMPORTRANGE(""1JVgAmMknpUlV7MHy1kkNJsmHnDibvSzHA2wp265bu2I"",""Notas!AL4:AL999"")"),"") | N2: =IFERROR(__xludf.DUMMYFUNCTION("IMPORTRANGE(""1JVgAmMknpUlV7MHy1kkNJsmHnDibvSzHA2wp265bu2I"",""Notas!AM4:AM999"")"),"") | O2: =IFERROR(__xludf.DUMMYFUNCTION("IMPORTRANGE(""1JVgAmMknpUlV7MHy1kkNJsmHnDibvSzHA2wp265bu2I"",""Notas!AN4:AN999"")"),"x") -> x | P2: =IFERROR(__xludf.DUMMYFUNCTION("IMPORTRANGE(""1JVgAmMknpUlV7MHy1kkNJsmHnDibvSzHA2wp265bu2I"",""Notas!AO4:AO999"")"),"x") -> x | Q2: =IFERROR(__xludf.DUMMYFUNCTION("IMPORTRANGE(""1JVgAmMknpUlV7MHy1kkNJsmHnDibvSzHA2wp265bu2I"",""Notas!AP4:AP999"")"),"") | R2: =IFERROR(__xludf.DUMMYFUNCTION("IMPORTRANGE(""1JVgAmMknpUlV7MHy1kkNJsmHnDibvSzHA2wp265bu2I"",""Notas!AQ4:AQ999"")"),"") | S2: =IFERROR(__xludf.DUMMYFUNCTION("IMPORTRANGE(""1JVgAmMknpUlV7MHy1kkNJsmHnDibvSzHA2wp265bu2I"",""Notas!AR4:AR999"")"),"") | T2: =IFERROR(__xludf.DUMMYFUNCTION("IMPORTRANGE(""1JVgAmMknpUlV7MHy1kkNJsmHnDibvSzHA2wp265bu2I"",""Notas!AS4:AS999"")"),"x") -> x | U2: =IFERROR(__xludf.DUMMYFUNCTION("IMPORTRANGE(""1JVgAmMknpUlV7MHy1kkNJsmHnDibvSzHA2wp265bu2I"",""Notas!AT4:AT999"")"),"") | V2: =IFERROR(__xludf.DUMMYFUNCTION("IMPORTRANGE(""1JVgAmMknpUlV7MHy1kkNJsmHnDibvSzHA2wp265bu2I"",""Notas!AU4:AU999"")"),"") | W2: =IFERROR(__xludf.DUMMYFUNCTION("IMPORTRANGE(""1JVgAmMknpUlV7MHy1kkNJsmHnDibvSzHA2wp265bu2I"",""Notas!AV4:AV999"")"),"") | X2: =IFERROR(__xludf.DUMMYFUNCTION("IMPORTRANGE(""1JVgAmMknpUlV7MHy1kkNJsmHnDibvSzHA2wp265bu2I"",""Notas!AW4:AW999"")"),"") | Y2: =IFERROR(__xludf.DUMMYFUNCTION("IMPORTRANGE(""1JVgAmMknpUlV7MHy1kkNJsmHnDibvSzHA2wp265bu2I"",""Notas!AX4:AX999"")"),"") | Z2: x | AA2: x | AB2: =COUNTA(M2:Y2) -> 13 | AC2: =IF(M2="x",M$1000*1,"")*BY2 -> #VALUE! | AD2: =IF(N2="x",N$1000*1,"")*BZ2 -> #VALUE! | AE2: =IF(O2="x",O$1000*1,"")*CA2 -> 1 | AF2: =IF(P2="x",P$1000*1,"")*CB2 -> 1.2 | AG2: =IF(Q2="x",Q$1000*1,"")*CC2 -> #VALUE! | AH2: =IF(R2="x",R$1000*1,"")*CD2 -> #VALUE! | AI2: =IF(S2="x",S$1000*1,"")*CE2 -> #VALUE! | AJ2: =IF(T2="x",T$1000*1,"")*CF2 -> 1 | ... AQ2: =IF(AA2="x",AA$1000*1,"")*CM2 -> 0 | AR2: =SUM(AC2:AQ2) -> #VALUE! | AS2: =IFERROR(L2/AR2,"") | AT2: =IFERROR(__xludf.DUMMYFUNCTION("IMPORTRANGE(""1WAC1pNkHToaNboKeP-AiO20_ml3oOUXx6qp3zRuK__k"", ""NotaObras!DY4:DY999"")"),"") | AU2: =IFERROR(__xludf.DUMMYFUNCTION("IMPORTRANGE(""1WAC1pNkHToaNboKeP-AiO20_ml3oOUXx6qp3zRuK__k"", ""NotaObras!AS4:AS999"")"),10) -> 10 | AV2: =IFERROR(__xludf.DUMMYFUNCTION("IMPORTRANGE(""1WAC1pNkHToaNboKeP-AiO20_ml3oOUXx6qp3zRuK__k"", ""NotaObras!BG4:BG999"")"),10) -> 10 | AW2: =IFERROR(__xludf.DUMMYFUNCTION("IMPORTRANGE(""1WAC1pNkHToaNboKeP-AiO20_ml3oOUXx6qp3zRuK__k"", ""NotaObras!BU4:BU999"")"),10) -> 10 | AX2: =IFERROR(__xludf.DUMMYFUNCTION("IMPORTRANGE(""1WAC1pNkHToaNboKeP-AiO20_ml3oOUXx6qp3zRuK__k"", ""NotaObras!CI4:CI999"")"),10) -> 10 | AY2: =IFERROR(__xludf.DUMMYFUNCTION("IMPORTRANGE(""1WAC1pNkHToaNboKeP-AiO20_ml3oOUXx6qp3zRuK__k"", ""NotaObras!CW4:CW999"")"),"") | AZ2: =IFERROR(__xludf.DUMMYFUNCTION("IMPORTRANGE(""1WAC1pNkHToaNboKeP-AiO20_ml3oOUXx6qp3zRuK__k"", ""NotaObras!DK4:DK999"")"),"") | BA2: =IFERROR(__xludf.DUMMYFUNCTION("IMPORTRANGE(""1WAC1pNkHToaNboKeP-AiO20_ml3oOUXx6qp3zRuK__k"", ""NotaObras!AE4:AE999"")"),9.5) -> 9.5 | BB2: =IFERROR(__xludf.DUMMYFUNCTION("IMPORTRANGE(""1WAC1pNkHToaNboKeP-AiO20_ml3oOUXx6qp3zRuK__k"", ""NotaObras!FA4:FA999"")"),"") | BC2: =IFERROR(__xludf.DUMMYFUNCTION("IMPORTRANGE(""1WAC1pNkHToaNboKeP-AiO20_ml3oOUXx6qp3zRuK__k"", ""NotaObras!EM4:EM999"")"),"") | BD2: =IFERROR(__xludf.DUMMYFUNCTION("IMPORTRANGE(""1WAC1pNkHToaNboKeP-AiO20_ml3oOUXx6qp3zRuK__k"", ""NotaObras!FN4:FN999"")"),"") | BE2: =IFERROR(__xludf.DUMMYFUNCTION("IMPORTRANGE(""1WAC1pNkHToaNboKeP-AiO20_ml3oOUXx6qp3zRuK__k"", ""NotaObras!GA4:GA999"")"),"") | BF2: =IFERROR(__xludf.DUMMYFUNCTION("IMPORTRANGE(""1WAC1pNkHToaNboKeP-AiO20_ml3oOUXx6qp3zRuK__k"", ""NotaObras!GN4:GN999"")"),"") | BG2: =IFERROR(__xludf.DUMMYFUNCTION("IMPORTRANGE(""1WAC1pNkHToaNboKeP-AiO20_ml3oOUXx6qp3zRuK__k"", ""NotaObras!HB4:HB999"")"),10) -> 10 | BH2: =IFERROR(__xludf.DUMMYFUNCTION("IMPORTRANGE(""1WAC1pNkHToaNboKeP-AiO20_ml3oOUXx6qp3zRuK__k"", ""NotaObras!HQ4:HQ999"")"),10) -> 10 | BI2: =IF(AC2=0,"",AC2*$AS2*(AT2/10)) -> #VALUE! | BJ2: =IF(AD2=0,"",AD2*$AS2*(AU2/10)) -> #VALUE! | BK2: =IF(AE2=0,"",AE2*$AS2*(AV2/10)) -> #VALUE! | BL2: =IF(AF2=0,"",AF2*$AS2*(AW2/10)) -> #VALUE! | BM2: =IF(AG2=0,"",AG2*$AS2*(AX2/10)) -> #VALUE! | BN2: =IF(AH2=0,"",AH2*$AS2*(AY2/10)) -> #VALUE! | BO2: =IF(AI2=0,"",AI2*$AS2*(AZ2/10)) -> #VALUE! | BP2: =IF(AJ2=0,"",AJ2*$AS2*(BA2/10)) -> #VALUE! | ... BW2: =IF(AQ2=0,"",AQ2*$AS2*(BH2/10)) | BX2: =SUM(BI2:BW2) -> #VALUE! | BY2: =IF(M2="x","1","") | BZ2: =IF(N2="x","1","") | CA2: =IF(O2="x","1","") -> 1 | CB2: =IF(P2="x","1","") -> 1 | CC2: =IF(Q2="x","1","") | CD2: =IF(R2="x","1","") | CE2: =IF(S2="x","1","") | CF2: =IF(T2="x","1","") -> 1 | ... CH2: =IF(V2="x","1","")
A3: =IFERROR(__xludf.DUMMYFUNCTION("""COMPUTED_VALUE"""),"P775") -> P775 | B3: =IFERROR(__xludf.DUMMYFUNCTION("""COMPUTED_VALUE"""),"João Paulo Louback") -> João Paulo Louback | C3: x | D3: =IFERROR(__xludf.DUMMYFUNCTION("""COMPUTED_VALUE"""),45673) -> 45673 | E3: =IF(ISBLANK(D3),"",TEXT(D3,"MMMM")) -> janeiro | F3: =IFERROR(__xludf.DUMMYFUNCTION("""COMPUTED_VALUE"""),14) -> 14 | G3: =IFERROR(__xludf.DUMMYFUNCTION("""COMPUTED_VALUE"""),600) -> 600 | H3: =IF(ISBLANK(G3),"",F3*G3/1000) -> 8.4 | I3: =IF(ISBLANK(F3),"",IF(H3<5,200,IF(H3<10,300,IF(H3<20,500,IF(H3<30,750,IF(H3<50,1000,IF(H3<75,1500,IF(H3>75,2000)))))))) -> 300 | J3: =IFERROR(__xludf.DUMMYFUNCTION("""COMPUTED_VALUE"""),96.2222222222222) -> 96.222222 | K3: FALSE | L3: =IF(K3=TRUE(),0,IF(C3="x",IF(ISBLANK(A3),"", I3*(J3/100)),"PENDENTE")) -> 288.66667 | M3: =IFERROR(__xludf.DUMMYFUNCTION("""COMPUTED_VALUE"""),"x") -> x | Q3: =IFERROR(__xludf.DUMMYFUNCTION("""COMPUTED_VALUE"""),"x") -> x | R3: =IFERROR(__xludf.DUMMYFUNCTION("""COMPUTED_VALUE"""),"x") -> x | S3: =IFERROR(__xludf.DUMMYFUNCTION("""COMPUTED_VALUE"""),"x") -> x | Z3: x | AA3: x | AB3: =COUNTA(M3:Y3) -> 4 | AC3: =IF(M3="x",M$1000*1,"")*BY3 -> 1.2 | AD3: =IF(N3="x",N$1000*1,"")*BZ3 -> #VALUE! | AE3: =IF(O3="x",O$1000*1,"")*CA3 -> #VALUE! | AF3: =IF(P3="x",P$1000*1,"")*CB3 -> #VALUE! | AG3: =IF(Q3="x",Q$1000*1,"")*CC3 -> 1 | AH3: =IF(R3="x",R$1000*1,"")*CD3 -> 1 | AI3: =IF(S3="x",S$1000*1,"")*CE3 -> 1.1 | AJ3: =IF(T3="x",T$1000*1,"")*CF3 -> #VALUE! | ... AQ3: =IF(AA3="x",AA$1000*1,"")*CM3 -> 0 | AR3: =SUM(AC3:AQ3) -> #VALUE! | AS3: =IFERROR(L3/AR3,"") | AT3: =IFERROR(__xludf.DUMMYFUNCTION("""COMPUTED_VALUE"""),10) -> 10 | AU3: =IFERROR(__xludf.DUMMYFUNCTION("""COMPUTED_VALUE"""),"") | AV3: =IFERROR(__xludf.DUMMYFUNCTION("""COMPUTED_VALUE"""),"") | AW3: =IFERROR(__xludf.DUMMYFUNCTION("""COMPUTED_VALUE"""),"") | AX3: =IFERROR(__xludf.DUMMYFUNCTION("""COMPUTED_VALUE"""),10) -> 10 | AY3: =IFERROR(__xludf.DUMMYFUNCTION("""COMPUTED_VALUE"""),9.66666666666666) -> 9.6666667 | AZ3: =IFERROR(__xludf.DUMMYFUNCTION("""COMPUTED_VALUE"""),10) -> 10 | BA3: =IFERROR(__xludf.DUMMYFUNCTION("""COMPUTED_VALUE"""),"") | BB3: =IFERROR(__xludf.DUMMYFUNCTION("""COMPUTED_VALUE"""),"") | BC3: =IFERROR(__xludf.DUMMYFUNCTION("""COMPUTED_VALUE"""),"") | BD3: =IFERROR(__xludf.DUMMYFUNCTION("""COMPUTED_VALUE"""),"") | BF3: =IFERROR(__xludf.DUMMYFUNCTION("""COMPUTED_VALUE"""),"") | BG3: =IFERROR(__xludf.DUMMYFUNCTION("""COMPUTED_VALUE"""),10) -> 10 | BH3: =IFERROR(__xludf.DUMMYFUNCTION("""COMPUTED_VALUE"""),10) -> 10 | BI3: =IF(AC3=0,"",AC3*$AS3*(AT3/10)) -> #VALUE! | BJ3: =IF(AD3=0,"",AD3*$AS3*(AU3/10)) -> #VALUE! | BK3: =IF(AE3=0,"",AE3*$AS3*(AV3/10)) -> #VALUE! | BL3: =IF(AF3=0,"",AF3*$AS3*(AW3/10)) -> #VALUE! | BM3: =IF(AG3=0,"",AG3*$AS3*(AX3/10)) -> #VALUE! | BN3: =IF(AH3=0,"",AH3*$AS3*(AY3/10)) -> #VALUE! | BO3: =IF(AI3=0,"",AI3*$AS3*(AZ3/10)) -> #VALUE! | BP3: =IF(AJ3=0,"",AJ3*$AS3*(BA3/10)) -> #VALUE! | ... BW3: =IF(AQ3=0,"",AQ3*$AS3*(BH3/10)) | BX3: =SUM(BI3:BW3) -> #VALUE! | BY3: =IF(M3="x","1","") -> 1 | BZ3: =IF(N3="x","1","") | CA3: =IF(O3="x","1","") | CB3: =IF(P3="x","1","") | CC3: =IF(Q3="x","1","") -> 1 | CD3: =IF(R3="x","1","") -> 1 | CE3: =IF(S3="x","1","") -> 1 | CF3: =IF(T3="x","1","") | ... CH3: =IF(V3="x","1","")
A4: =IFERROR(__xludf.DUMMYFUNCTION("""COMPUTED_VALUE"""),"P767") -> P767 | B4: =IFERROR(__xludf.DUMMYFUNCTION("""COMPUTED_VALUE"""),"Joanice Ferreira") -> Joanice Ferreira | C4: x | D4: =IFERROR(__xludf.DUMMYFUNCTION("""COMPUTED_VALUE"""),45681) -> 45681 | E4: =IF(ISBLANK(D4),"",TEXT(D4,"MMMM")) -> janeiro | F4: =IFERROR(__xludf.DUMMYFUNCTION("""COMPUTED_VALUE"""),7) -> 7 | G4: =IFERROR(__xludf.DUMMYFUNCTION("""COMPUTED_VALUE"""),600) -> 600 | H4: =IF(ISBLANK(G4),"",F4*G4/1000) -> 4.2 | I4: =IF(ISBLANK(F4),"",IF(H4<5,200,IF(H4<10,300,IF(H4<20,500,IF(H4<30,750,IF(H4<50,1000,IF(H4<75,1500,IF(H4>75,2000)))))))) -> 200 | J4: =IFERROR(__xludf.DUMMYFUNCTION("""COMPUTED_VALUE"""),93.5555555555555) -> 93.555556 | K4: FALSE | L4: =IF(K4=TRUE(),0,IF(C4="x",IF(ISBLANK(A4),"", I4*(J4/100)),"PENDENTE")) -> 187.11111 | O4: =IFERROR(__xludf.DUMMYFUNCTION("""COMPUTED_VALUE"""),"x") -> x | P4: =IFERROR(__xludf.DUMMYFUNCTION("""COMPUTED_VALUE"""),"x") -> x | T4: =IFERROR(__xludf.DUMMYFUNCTION("""COMPUTED_VALUE"""),"x") -> x | Z4: x | AA4: x | AB4: =COUNTA(M4:Y4) -> 3 | AC4: =IF(M4="x",M$1000*1,"")*BY4 -> #VALUE! | AD4: =IF(N4="x",N$1000*1,"")*BZ4 -> #VALUE! | AE4: =IF(O4="x",O$1000*1,"")*CA4 -> 1 | AF4: =IF(P4="x",P$1000*1,"")*CB4 -> 1.2 | AG4: =IF(Q4="x",Q$1000*1,"")*CC4 -> #VALUE! | AH4: =IF(R4="x",R$1000*1,"")*CD4 -> #VALUE! | AI4: =IF(S4="x",S$1000*1,"")*CE4 -> #VALUE! | AJ4: =IF(T4="x",T$1000*1,"")*CF4 -> 1 | ... AQ4: =IF(AA4="x",AA$1000*1,"")*CM4 -> 0 | AR4: =SUM(AC4:AQ4) -> #VALUE! | AS4: =IFERROR(L4/AR4,"") | AT4: =IFERROR(__xludf.DUMMYFUNCTION("""COMPUTED_VALUE"""),"") | AU4: =IFERROR(__xludf.DUMMYFUNCTION("""COMPUTED_VALUE"""),10) -> 10 | AV4: =IFERROR(__xludf.DUMMYFUNCTION("""COMPUTED_VALUE"""),10) -> 10 | AW4: =IFERROR(__xludf.DUMMYFUNCTION("""COMPUTED_VALUE"""),10) -> 10 | AX4: =IFERROR(__xludf.DUMMYFUNCTION("""COMPUTED_VALUE"""),10) -> 10 | AY4: =IFERROR(__xludf.DUMMYFUNCTION("""COMPUTED_VALUE"""),"") | AZ4: =IFERROR(__xludf.DUMMYFUNCTION("""COMPUTED_VALUE"""),"") | BA4: =IFERROR(__xludf.DUMMYFUNCTION("""COMPUTED_VALUE"""),10) -> 10 | BB4: =IFERROR(__xludf.DUMMYFUNCTION("""COMPUTED_VALUE"""),"") | BC4: =IFERROR(__xludf.DUMMYFUNCTION("""COMPUTED_VALUE"""),"") | BD4: =IFERROR(__xludf.DUMMYFUNCTION("""COMPUTED_VALUE"""),"") | BF4: =IFERROR(__xludf.DUMMYFUNCTION("""COMPUTED_VALUE"""),"") | BG4: =IFERROR(__xludf.DUMMYFUNCTION("""COMPUTED_VALUE"""),10) -> 10 | BH4: =IFERROR(__xludf.DUMMYFUNCTION("""COMPUTED_VALUE"""),10) -> 10 | BI4: =IF(AC4=0,"",AC4*$AS4*(AT4/10)) -> #VALUE! | BJ4: =IF(AD4=0,"",AD4*$AS4*(AU4/10)) -> #VALUE! | BK4: =IF(AE4=0,"",AE4*$AS4*(AV4/10)) -> #VALUE! | BL4: =IF(AF4=0,"",AF4*$AS4*(AW4/10)) -> #VALUE! | BM4: =IF(AG4=0,"",AG4*$AS4*(AX4/10)) -> #VALUE! | BN4: =IF(AH4=0,"",AH4*$AS4*(AY4/10)) -> #VALUE! | BO4: =IF(AI4=0,"",AI4*$AS4*(AZ4/10)) -> #VALUE! | BP4: =IF(AJ4=0,"",AJ4*$AS4*(BA4/10)) -> #VALUE! | ... BW4: =IF(AQ4=0,"",AQ4*$AS4*(BH4/10)) | BX4: =SUM(BI4:BW4) -> #VALUE! | BY4: =IF(M4="x","1","") | BZ4: =IF(N4="x","1","") | CA4: =IF(O4="x","1","") -> 1 | CB4: =IF(P4="x","1","") -> 1 | CC4: =IF(Q4="x","1","") | CD4: =IF(R4="x","1","") | CE4: =IF(S4="x","1","") | CF4: =IF(T4="x","1","") -> 1 | ... CH4: =IF(V4="x","1","")
A5: =IFERROR(__xludf.DUMMYFUNCTION("""COMPUTED_VALUE"""),"P762") -> P762 | B5: =IFERROR(__xludf.DUMMYFUNCTION("""COMPUTED_VALUE"""),"Ana Carolina Freitas") -> Ana Carolina Freitas | C5: x | D5: =IFERROR(__xludf.DUMMYFUNCTION("""COMPUTED_VALUE"""),45679) -> 45679 | E5: =IF(ISBLANK(D5),"",TEXT(D5,"MMMM")) -> janeiro | F5: =IFERROR(__xludf.DUMMYFUNCTION("""COMPUTED_VALUE"""),24) -> 24 | G5: =IFERROR(__xludf.DUMMYFUNCTION("""COMPUTED_VALUE"""),585) -> 585 | H5: =IF(ISBLANK(G5),"",F5*G5/1000) -> 14.04 | I5: =IF(ISBLANK(F5),"",IF(H5<5,200,IF(H5<10,300,IF(H5<20,500,IF(H5<30,750,IF(H5<50,1000,IF(H5<75,1500,IF(H5>75,2000)))))))) -> 500 | J5: =IFERROR(__xludf.DUMMYFUNCTION("""COMPUTED_VALUE"""),96.3888888888888) -> 96.388889 | K5: FALSE | L5: =IF(K5=TRUE(),0,IF(C5="x",IF(ISBLANK(A5),"", I5*(J5/100)),"PENDENTE")) -> 481.94444 | O5: =IFERROR(__xludf.DUMMYFUNCTION("""COMPUTED_VALUE"""),"x") -> x | P5: =IFERROR(__xludf.DUMMYFUNCTION("""COMPUTED_VALUE"""),"x") -> x | T5: =IFERROR(__xludf.DUMMYFUNCTION("""COMPUTED_VALUE"""),"x") -> x | Z5: x | AA5: x | AB5: =COUNTA(M5:Y5) -> 3 | AC5: =IF(M5="x",M$1000*1,"")*BY5 -> #VALUE! | AD5: =IF(N5="x",N$1000*1,"")*BZ5 -> #VALUE! | AE5: =IF(O5="x",O$1000*1,"")*CA5 -> 1 | AF5: =IF(P5="x",P$1000*1,"")*CB5 -> 1.2 | AG5: =IF(Q5="x",Q$1000*1,"")*CC5 -> #VALUE! | AH5: =IF(R5="x",R$1000*1,"")*CD5 -> #VALUE! | AI5: =IF(S5="x",S$1000*1,"")*CE5 -> #VALUE! | AJ5: =IF(T5="x",T$1000*1,"")*CF5 -> 1 | ... AQ5: =IF(AA5="x",AA$1000*1,"")*CM5 -> 0 | AR5: =SUM(AC5:AQ5) -> #VALUE! | AS5: =IFERROR(L5/AR5,"") | AT5: =IFERROR(__xludf.DUMMYFUNCTION("""COMPUTED_VALUE"""),"") | AU5: =IFERROR(__xludf.DUMMYFUNCTION("""COMPUTED_VALUE"""),10) -> 10 | AV5: =IFERROR(__xludf.DUMMYFUNCTION("""COMPUTED_VALUE"""),10) -> 10 | AW5: =IFERROR(__xludf.DUMMYFUNCTION("""COMPUTED_VALUE"""),10) -> 10 | AX5: =IFERROR(__xludf.DUMMYFUNCTION("""COMPUTED_VALUE"""),10) -> 10 | AY5: =IFERROR(__xludf.DUMMYFUNCTION("""COMPUTED_VALUE"""),"") | AZ5: =IFERROR(__xludf.DUMMYFUNCTION("""COMPUTED_VALUE"""),"") | BA5: =IFERROR(__xludf.DUMMYFUNCTION("""COMPUTED_VALUE"""),7) -> 7 | BB5: =IFERROR(__xludf.DUMMYFUNCTION("""COMPUTED_VALUE"""),"") | BC5: =IFERROR(__xludf.DUMMYFUNCTION("""COMPUTED_VALUE"""),"") | BD5: =IFERROR(__xludf.DUMMYFUNCTION("""COMPUTED_VALUE"""),"") | BF5: =IFERROR(__xludf.DUMMYFUNCTION("""COMPUTED_VALUE"""),"") | BG5: =IFERROR(__xludf.DUMMYFUNCTION("""COMPUTED_VALUE"""),9.66666666666666) -> 9.6666667 | BH5: =IFERROR(__xludf.DUMMYFUNCTION("""COMPUTED_VALUE"""),9.33333333333333) -> 9.3333333 | BI5: =IF(AC5=0,"",AC5*$AS5*(AT5/10)) -> #VALUE! | BJ5: =IF(AD5=0,"",AD5*$AS5*(AU5/10)) -> #VALUE! | BK5: =IF(AE5=0,"",AE5*$AS5*(AV5/10)) -> #VALUE! | BL5: =IF(AF5=0,"",AF5*$AS5*(AW5/10)) -> #VALUE! | BM5: =IF(AG5=0,"",AG5*$AS5*(AX5/10)) -> #VALUE! | BN5: =IF(AH5=0,"",AH5*$AS5*(AY5/10)) -> #VALUE! | BO5: =IF(AI5=0,"",AI5*$AS5*(AZ5/10)) -> #VALUE! | BP5: =IF(AJ5=0,"",AJ5*$AS5*(BA5/10)) -> #VALUE! | ... BW5: =IF(AQ5=0,"",AQ5*$AS5*(BH5/10)) | BX5: =SUM(BI5:BW5) -> #VALUE! | BY5: =IF(M5="x","1","") | BZ5: =IF(N5="x","1","") | CA5: =IF(O5="x","1","") -> 1 | CB5: =IF(P5="x","1","") -> 1 | CC5: =IF(Q5="x","1","") | CD5: =IF(R5="x","1","") | CE5: =IF(S5="x","1","") | CF5: =IF(T5="x","1","") -> 1 | ... CH5: =IF(V5="x","1","")
A6: =IFERROR(__xludf.DUMMYFUNCTION("""COMPUTED_VALUE"""),"P754") -> P754 | B6: =IFERROR(__xludf.DUMMYFUNCTION("""COMPUTED_VALUE"""),"Lúcia Aparecida Moura") -> Lúcia Aparecida Moura | C6: x | D6: =IFERROR(__xludf.DUMMYFUNCTION("""COMPUTED_VALUE"""),45675) -> 45675 | E6: =IF(ISBLANK(D6),"",TEXT(D6,"MMMM")) -> janeiro | F6: =IFERROR(__xludf.DUMMYFUNCTION("""COMPUTED_VALUE"""),28) -> 28 | G6: =IFERROR(__xludf.DUMMYFUNCTION("""COMPUTED_VALUE"""),585) -> 585 | H6: =IF(ISBLANK(G6),"",F6*G6/1000) -> 16.38 | I6: =IF(ISBLANK(F6),"",IF(H6<5,200,IF(H6<10,300,IF(H6<20,500,IF(H6<30,750,IF(H6<50,1000,IF(H6<75,1500,IF(H6>75,2000)))))))) -> 500 | J6: =IFERROR(__xludf.DUMMYFUNCTION("""COMPUTED_VALUE"""),73.4444444444444) -> 73.444444 | K6: FALSE | L6: =IF(K6=TRUE(),0,IF(C6="x",IF(ISBLANK(A6),"", I6*(J6/100)),"PENDENTE")) -> 367.22222 | O6: =IFERROR(__xludf.DUMMYFUNCTION("""COMPUTED_VALUE"""),"x") -> x | P6: =IFERROR(__xludf.DUMMYFUNCTION("""COMPUTED_VALUE"""),"x") -> x | T6: =IFERROR(__xludf.DUMMYFUNCTION("""COMPUTED_VALUE"""),"x") -> x | Z6: x | AA6: x | AB6: =COUNTA(M6:Y6) -> 3 | AC6: =IF(M6="x",M$1000*1,"")*BY6 -> #VALUE! | AD6: =IF(N6="x",N$1000*1,"")*BZ6 -> #VALUE! | AE6: =IF(O6="x",O$1000*1,"")*CA6 -> 1 | AF6: =IF(P6="x",P$1000*1,"")*CB6 -> 1.2 | AG6: =IF(Q6="x",Q$1000*1,"")*CC6 -> #VALUE! | AH6: =IF(R6="x",R$1000*1,"")*CD6 -> #VALUE! | AI6: =IF(S6="x",S$1000*1,"")*CE6 -> #VALUE! | AJ6: =IF(T6="x",T$1000*1,"")*CF6 -> 1 | ... AQ6: =IF(AA6="x",AA$1000*1,"")*CM6 -> 0 | AR6: =SUM(AC6:AQ6) -> #VALUE! | AS6: =IFERROR(L6/AR6,"") | AT6: =IFERROR(__xludf.DUMMYFUNCTION("""COMPUTED_VALUE"""),"") | AU6: =IFERROR(__xludf.DUMMYFUNCTION("""COMPUTED_VALUE"""),10) -> 10 | AV6: =IFERROR(__xludf.DUMMYFUNCTION("""COMPUTED_VALUE"""),10) -> 10 | AW6: =IFERROR(__xludf.DUMMYFUNCTION("""COMPUTED_VALUE"""),10) -> 10 | AX6: =IFERROR(__xludf.DUMMYFUNCTION("""COMPUTED_VALUE"""),10) -> 10 | AY6: =IFERROR(__xludf.DUMMYFUNCTION("""COMPUTED_VALUE"""),"") | AZ6: =IFERROR(__xludf.DUMMYFUNCTION("""COMPUTED_VALUE"""),"") | BA6: =IFERROR(__xludf.DUMMYFUNCTION("""COMPUTED_VALUE"""),10) -> 10 | BB6: =IFERROR(__xludf.DUMMYFUNCTION("""COMPUTED_VALUE"""),"") | BC6: =IFERROR(__xludf.DUMMYFUNCTION("""COMPUTED_VALUE"""),"") | BD6: =IFERROR(__xludf.DUMMYFUNCTION("""COMPUTED_VALUE"""),"") | BF6: =IFERROR(__xludf.DUMMYFUNCTION("""COMPUTED_VALUE"""),"") | BG6: =IFERROR(__xludf.DUMMYFUNCTION("""COMPUTED_VALUE"""),10) -> 10 | BH6: =IFERROR(__xludf.DUMMYFUNCTION("""COMPUTED_VALUE"""),10) -> 10 | BI6: =IF(AC6=0,"",AC6*$AS6*(AT6/10)) -> #VALUE! | BJ6: =IF(AD6=0,"",AD6*$AS6*(AU6/10)) -> #VALUE! | BK6: =IF(AE6=0,"",AE6*$AS6*(AV6/10)) -> #VALUE! | BL6: =IF(AF6=0,"",AF6*$AS6*(AW6/10)) -> #VALUE! | BM6: =IF(AG6=0,"",AG6*$AS6*(AX6/10)) -> #VALUE! | BN6: =IF(AH6=0,"",AH6*$AS6*(AY6/10)) -> #VALUE! | BO6: =IF(AI6=0,"",AI6*$AS6*(AZ6/10)) -> #VALUE! | BP6: =IF(AJ6=0,"",AJ6*$AS6*(BA6/10)) -> #VALUE! | ... BW6: =IF(AQ6=0,"",AQ6*$AS6*(BH6/10)) | BX6: =SUM(BI6:BW6) -> #VALUE! | BY6: =IF(M6="x","1","") | BZ6: =IF(N6="x","1","") | CA6: =IF(O6="x","1","") -> 1 | CB6: =IF(P6="x","1","") -> 1 | CC6: =IF(Q6="x","1","") | CD6: =IF(R6="x","1","") | CE6: =IF(S6="x","1","") | CF6: =IF(T6="x","1","") -> 1 | ... CH6: =IF(V6="x","1","")
A7: =IFERROR(__xludf.DUMMYFUNCTION("""COMPUTED_VALUE"""),"?") -> ? | B7: =IFERROR(__xludf.DUMMYFUNCTION("""COMPUTED_VALUE"""),"?") -> ? | C7: x | E7: =IF(ISBLANK(D7),"",TEXT(D7,"MMMM")) | I7: 500 | J7: =IFERROR(__xludf.DUMMYFUNCTION("""COMPUTED_VALUE"""),83.1481481481481) -> 83.148148 | K7: FALSE | L7: =IF(K7=TRUE(),0,IF(C7="x",IF(ISBLANK(A7),"", I7*(J7/100)),"PENDENTE")) -> 415.74074 | M7: =IFERROR(__xludf.DUMMYFUNCTION("""COMPUTED_VALUE"""),"x") -> x | Q7: =IFERROR(__xludf.DUMMYFUNCTION("""COMPUTED_VALUE"""),"x") -> x | R7: =IFERROR(__xludf.DUMMYFUNCTION("""COMPUTED_VALUE"""),"x") -> x | S7: =IFERROR(__xludf.DUMMYFUNCTION("""COMPUTED_VALUE"""),"x") -> x | Z7: x | AA7: x | AB7: =COUNTA(M7:Y7) -> 4 | AC7: =IF(M7="x",M$1000*1,"")*BY7 -> 1.2 | AD7: =IF(N7="x",N$1000*1,"")*BZ7 -> #VALUE! | AE7: =IF(O7="x",O$1000*1,"")*CA7 -> #VALUE! | AF7: =IF(P7="x",P$1000*1,"")*CB7 -> #VALUE! | AG7: =IF(Q7="x",Q$1000*1,"")*CC7 -> 1 | AH7: =IF(R7="x",R$1000*1,"")*CD7 -> 1 | AI7: =IF(S7="x",S$1000*1,"")*CE7 -> 1.1 | AJ7: =IF(T7="x",T$1000*1,"")*CF7 -> #VALUE! | ... AQ7: =IF(AA7="x",AA$1000*1,"")*CM7 -> 0 | AR7: =SUM(AC7:AQ7) -> #VALUE! | AS7: =IFERROR(L7/AR7,"") | AT7: =IFERROR(__xludf.DUMMYFUNCTION("""COMPUTED_VALUE"""),10) -> 10 | AU7: =IFERROR(__xludf.DUMMYFUNCTION("""COMPUTED_VALUE"""),"") | AV7: =IFERROR(__xludf.DUMMYFUNCTION("""COMPUTED_VALUE"""),"") | AW7: =IFERROR(__xludf.DUMMYFUNCTION("""COMPUTED_VALUE"""),"") | AX7: =IFERROR(__xludf.DUMMYFUNCTION("""COMPUTED_VALUE"""),10) -> 10 | AY7: =IFERROR(__xludf.DUMMYFUNCTION("""COMPUTED_VALUE"""),9.33333333333333) -> 9.3333333 | AZ7: =IFERROR(__xludf.DUMMYFUNCTION("""COMPUTED_VALUE"""),10) -> 10 | BA7: =IFERROR(__xludf.DUMMYFUNCTION("""COMPUTED_VALUE"""),"") | BB7: =IFERROR(__xludf.DUMMYFUNCTION("""COMPUTED_VALUE"""),"") | BC7: =IFERROR(__xludf.DUMMYFUNCTION("""COMPUTED_VALUE"""),"") | BD7: =IFERROR(__xludf.DUMMYFUNCTION("""COMPUTED_VALUE"""),"") | BF7: =IFERROR(__xludf.DUMMYFUNCTION("""COMPUTED_VALUE"""),"") | BG7: =IFERROR(__xludf.DUMMYFUNCTION("""COMPUTED_VALUE"""),10) -> 10 | BH7: =IFERROR(__xludf.DUMMYFUNCTION("""COMPUTED_VALUE"""),10) -> 10 | BQ7: =IF(AK7=0,"",AK7*$AS7*(BB7/10)) -> #VALUE! | BR7: =IF(AL7=0,"",AL7*$AS7*(BC7/10)) -> #VALUE! | BS7: =IF(AM7=0,"",AM7*$AS7*(BD7/10)) -> #VALUE! | BT7: =IF(AN7=0,"",AN7*$AS7*(BE7/10)) -> #VALUE! | BU7: =IF(AO7=0,"",AO7*$AS7*(BF7/10)) -> #VALUE! | BV7: =IF(AP7=0,"",AP7*$AS7*(BG7/10)) | BW7: =IF(AQ7=0,"",AQ7*$AS7*(BH7/10)) | BX7: =SUM(BI7:BW7) -> #VALUE! | BY7: =IF(M7="x","1","") -> 1 | BZ7: =IF(N7="x","1","") | CA7: =IF(O7="x","1","") | CB7: =IF(P7="x","1","") | CC7: =IF(Q7="x","1","") -> 1 | CD7: =IF(R7="x","1","") -> 1 | CE7: =IF(S7="x","1","") -> 1 | CF7: =IF(T7="x","1","") | ... CH7: =IF(V7="x","1","")
A8: =IFERROR(__xludf.DUMMYFUNCTION("""COMPUTED_VALUE"""),"P724") -> P724 | B8: =IFERROR(__xludf.DUMMYFUNCTION("""COMPUTED_VALUE"""),"Rodrigo (SABOR AMIL) Mercearia") -> Rodrigo (SABOR AMIL) Mercearia | C8: x | D8: =IFERROR(__xludf.DUMMYFUNCTION("""COMPUTED_VALUE"""),45688) -> 45688 | E8: =IF(ISBLANK(D8),"",TEXT(D8,"MMMM")) -> janeiro | F8: =IFERROR(__xludf.DUMMYFUNCTION("""COMPUTED_VALUE"""),21) -> 21 | G8: =IFERROR(__xludf.DUMMYFUNCTION("""COMPUTED_VALUE"""),550) -> 550 | H8: =IF(ISBLANK(G8),"",F8*G8/1000) -> 11.55 | I8: =IF(ISBLANK(F8),"",IF(H8<5,200,IF(H8<10,300,IF(H8<20,500,IF(H8<30,750,IF(H8<50,1000,IF(H8<75,1500,IF(H8>75,2000)))))))) -> 500 | J8: =IFERROR(__xludf.DUMMYFUNCTION("""COMPUTED_VALUE"""),99.753086419753) -> 99.753086 | K8: FALSE | L8: =IF(K8=TRUE(),0,IF(C8="x",IF(ISBLANK(A8),"", I8*(J8/100)),"PENDENTE")) -> 498.76543 | M8: =IFERROR(__xludf.DUMMYFUNCTION("""COMPUTED_VALUE"""),"x") -> x | Q8: =IFERROR(__xludf.DUMMYFUNCTION("""COMPUTED_VALUE"""),"x") -> x | R8: =IFERROR(__xludf.DUMMYFUNCTION("""COMPUTED_VALUE"""),"x") -> x | S8: =IFERROR(__xludf.DUMMYFUNCTION("""COMPUTED_VALUE"""),"x") -> x | Z8: x | AA8: x | AB8: =COUNTA(M8:Y8) -> 4 | AC8: =IF(M8="x",M$1000*1,"")*BY8 -> 1.2 | AD8: =IF(N8="x",N$1000*1,"")*BZ8 -> #VALUE! | AE8: =IF(O8="x",O$1000*1,"")*CA8 -> #VALUE! | AF8: =IF(P8="x",P$1000*1,"")*CB8 -> #VALUE! | AG8: =IF(Q8="x",Q$1000*1,"")*CC8 -> 1 | AH8: =IF(R8="x",R$1000*1,"")*CD8 -> 1 | AI8: =IF(S8="x",S$1000*1,"")*CE8 -> 1.1 | AJ8: =IF(T8="x",T$1000*1,"")*CF8 -> #VALUE! | ... AQ8: =IF(AA8="x",AA$1000*1,"")*CM8 -> 0 | AR8: =SUM(AC8:AQ8) -> #VALUE! | AS8: =IFERROR(L8/AR8,"") | AT8: =IFERROR(__xludf.DUMMYFUNCTION("""COMPUTED_VALUE"""),10) -> 10 | AU8: =IFERROR(__xludf.DUMMYFUNCTION("""COMPUTED_VALUE"""),"") | AV8: =IFERROR(__xludf.DUMMYFUNCTION("""COMPUTED_VALUE"""),"") | AW8: =IFERROR(__xludf.DUMMYFUNCTION("""COMPUTED_VALUE"""),"") | AX8: =IFERROR(__xludf.DUMMYFUNCTION("""COMPUTED_VALUE"""),10) -> 10 | AY8: =IFERROR(__xludf.DUMMYFUNCTION("""COMPUTED_VALUE"""),9.66666666666666) -> 9.6666667 | AZ8: =IFERROR(__xludf.DUMMYFUNCTION("""COMPUTED_VALUE"""),10) -> 10 | BA8: =IFERROR(__xludf.DUMMYFUNCTION("""COMPUTED_VALUE"""),"") | BB8: =IFERROR(__xludf.DUMMYFUNCTION("""COMPUTED_VALUE"""),"") | BC8: =IFERROR(__xludf.DUMMYFUNCTION("""COMPUTED_VALUE"""),"") | BD8: =IFERROR(__xludf.DUMMYFUNCTION("""COMPUTED_VALUE"""),"") | BF8: =IFERROR(__xludf.DUMMYFUNCTION("""COMPUTED_VALUE"""),"") | BG8: =IFERROR(__xludf.DUMMYFUNCTION("""COMPUTED_VALUE"""),10) -> 10 | BH8: =IFERROR(__xludf.DUMMYFUNCTION("""COMPUTED_VALUE"""),10) -> 10 | BI8: =IF(AC8=0,"",AC8*$AS8*(AT8/10)) -> #VALUE! | BJ8: =IF(AD8=0,"",AD8*$AS8*(AU8/10)) -> #VALUE! | BK8: =IF(AE8=0,"",AE8*$AS8*(AV8/10)) -> #VALUE! | BL8: =IF(AF8=0,"",AF8*$AS8*(AW8/10)) -> #VALUE! | BM8: =IF(AG8=0,"",AG8*$AS8*(AX8/10)) -> #VALUE! | BN8: =IF(AH8=0,"",AH8*$AS8*(AY8/10)) -> #VALUE! | BO8: =IF(AI8=0,"",AI8*$AS8*(AZ8/10)) -> #VALUE! | BP8: =IF(AJ8=0,"",AJ8*$AS8*(BA8/10)) -> #VALUE! | ... BW8: =IF(AQ8=0,"",AQ8*$AS8*(BH8/10)) | BX8: =SUM(BI8:BW8) -> #VALUE! | BY8: =IF(M8="x","1","") -> 1 | BZ8: =IF(N8="x","1","") | CA8: =IF(O8="x","1","") | CB8: =IF(P8="x","1","") | CC8: =IF(Q8="x","1","") -> 1 | CD8: =IF(R8="x","1","") -> 1 | CE8: =IF(S8="x","1","") -> 1 | CF8: =IF(T8="x","1","") | ... CH8: =IF(V8="x","1","")
A9: =IFERROR(__xludf.DUMMYFUNCTION("""COMPUTED_VALUE"""),"P782") -> P782 | B9: =IFERROR(__xludf.DUMMYFUNCTION("""COMPUTED_VALUE"""),"Mariolucio Dutra Brandão") -> Mariolucio Dutra Brandão | C9: x | D9: =IFERROR(__xludf.DUMMYFUNCTION("""COMPUTED_VALUE"""),45686) -> 45686 | E9: =IF(ISBLANK(D9),"",TEXT(D9,"MMMM")) -> janeiro | F9: =IFERROR(__xludf.DUMMYFUNCTION("""COMPUTED_VALUE"""),11) -> 11 | G9: =IFERROR(__xludf.DUMMYFUNCTION("""COMPUTED_VALUE"""),600) -> 600 | H9: =IF(ISBLANK(G9),"",F9*G9/1000) -> 6.6 | I9: =IF(ISBLANK(F9),"",IF(H9<5,200,IF(H9<10,300,IF(H9<20,500,IF(H9<30,750,IF(H9<50,1000,IF(H9<75,1500,IF(H9>75,2000)))))))) -> 300 | J9: =IFERROR(__xludf.DUMMYFUNCTION("""COMPUTED_VALUE"""),93.6666666666666) -> 93.666667 | K9: FALSE | L9: =IF(K9=TRUE(),0,IF(C9="x",IF(ISBLANK(A9),"", I9*(J9/100)),"PENDENTE")) -> 281 | O9: =IFERROR(__xludf.DUMMYFUNCTION("""COMPUTED_VALUE"""),"x") -> x | Q9: =IFERROR(__xludf.DUMMYFUNCTION("""COMPUTED_VALUE"""),"x") -> x | R9: =IFERROR(__xludf.DUMMYFUNCTION("""COMPUTED_VALUE"""),"x") -> x | S9: =IFERROR(__xludf.DUMMYFUNCTION("""COMPUTED_VALUE"""),"x") -> x | Z9: x | AA9: x | AB9: =COUNTA(M9:Y9) -> 4 | AC9: =IF(M9="x",M$1000*1,"")*BY9 -> #VALUE! | AD9: =IF(N9="x",N$1000*1,"")*BZ9 -> #VALUE! | AE9: =IF(O9="x",O$1000*1,"")*CA9 -> 1 | AF9: =IF(P9="x",P$1000*1,"")*CB9 -> #VALUE! | AG9: =IF(Q9="x",Q$1000*1,"")*CC9 -> 1 | AH9: =IF(R9="x",R$1000*1,"")*CD9 -> 1 | AI9: =IF(S9="x",S$1000*1,"")*CE9 -> 1.1 | AJ9: =IF(T9="x",T$1000*1,"")*CF9 -> #VALUE! | ... AQ9: =IF(AA9="x",AA$1000*1,"")*CM9 -> 0 | AR9: =SUM(AC9:AQ9) -> #VALUE! | AS9: =IFERROR(L9/AR9,"") | AT9: =IFERROR(__xludf.DUMMYFUNCTION("""COMPUTED_VALUE"""),"") | AU9: =IFERROR(__xludf.DUMMYFUNCTION("""COMPUTED_VALUE"""),"") | AV9: =IFERROR(__xludf.DUMMYFUNCTION("""COMPUTED_VALUE"""),10) -> 10 | AW9: =IFERROR(__xludf.DUMMYFUNCTION("""COMPUTED_VALUE"""),"") | AX9: =IFERROR(__xludf.DUMMYFUNCTION("""COMPUTED_VALUE"""),10) -> 10 | AY9: =IFERROR(__xludf.DUMMYFUNCTION("""COMPUTED_VALUE"""),10) -> 10 | AZ9: =IFERROR(__xludf.DUMMYFUNCTION("""COMPUTED_VALUE"""),10) -> 10 | BA9: =IFERROR(__xludf.DUMMYFUNCTION("""COMPUTED_VALUE"""),10) -> 10 | BB9: =IFERROR(__xludf.DUMMYFUNCTION("""COMPUTED_VALUE"""),"") | BC9: =IFERROR(__xludf.DUMMYFUNCTION("""COMPUTED_VALUE"""),"") | BD9: =IFERROR(__xludf.DUMMYFUNCTION("""COMPUTED_VALUE"""),"") | BF9: =IFERROR(__xludf.DUMMYFUNCTION("""COMPUTED_VALUE"""),"") | BG9: =IFERROR(__xludf.DUMMYFUNCTION("""COMPUTED_VALUE"""),10) -> 10 | BH9: =IFERROR(__xludf.DUMMYFUNCTION("""COMPUTED_VALUE"""),10) -> 10 | BI9: =IF(AC9=0,"",AC9*$AS9*(AT9/10)) -> #VALUE! | BJ9: =IF(AD9=0,"",AD9*$AS9*(AU9/10)) -> #VALUE! | BK9: =IF(AE9=0,"",AE9*$AS9*(AV9/10)) -> #VALUE! | BL9: =IF(AF9=0,"",AF9*$AS9*(AW9/10)) -> #VALUE! | BM9: =IF(AG9=0,"",AG9*$AS9*(AX9/10)) -> #VALUE! | BN9: =IF(AH9=0,"",AH9*$AS9*(AY9/10)) -> #VALUE! | BO9: =IF(AI9=0,"",AI9*$AS9*(AZ9/10)) -> #VALUE! | BP9: =IF(AJ9=0,"",AJ9*$AS9*(BA9/10)) -> #VALUE! | ... BW9: =IF(AQ9=0,"",AQ9*$AS9*(BH9/10)) | BX9: =SUM(BI9:BW9) -> #VALUE! | BY9: =IF(M9="x","1","") | BZ9: =IF(N9="x","1","") | CA9: =IF(O9="x","1","") -> 1 | CB9: =IF(P9="x","1","") | CC9: =IF(Q9="x","1","") -> 1 | CD9: =IF(R9="x","1","") -> 1 | CE9: =IF(S9="x","1","") -> 1 | CF9: =IF(T9="x","1","") | ... CH9: =IF(V9="x","1","")
A10: =IFERROR(__xludf.DUMMYFUNCTION("""COMPUTED_VALUE"""),"P729") -> P729 | B10: =IFERROR(__xludf.DUMMYFUNCTION("""COMPUTED_VALUE"""),"Antônio Claudio da Costa") -> Antônio Claudio da Costa | C10: x | D10: =IFERROR(__xludf.DUMMYFUNCTION("""COMPUTED_VALUE"""),45685) -> 45685 | E10: =IF(ISBLANK(D10),"",TEXT(D10,"MMMM")) -> janeiro | F10: =IFERROR(__xludf.DUMMYFUNCTION("""COMPUTED_VALUE"""),18) -> 18 | G10: =IFERROR(__xludf.DUMMYFUNCTION("""COMPUTED_VALUE"""),550) -> 550 | H10: =IF(ISBLANK(G10),"",F10*G10/1000) -> 9.9 | I10: =IF(ISBLANK(F10),"",IF(H10<5,200,IF(H10<10,300,IF(H10<20,500,IF(H10<30,750,IF(H10<50,1000,IF(H10<75,1500,IF(H10>75,2000)))))))) -> 300 | J10: =IFERROR(__xludf.DUMMYFUNCTION("""COMPUTED_VALUE"""),88.8333333333333) -> 88.833333 | K10: FALSE | L10: =IF(K10=TRUE(),0,IF(C10="x",IF(ISBLANK(A10),"", I10*(J10/100)),"PENDENTE")) -> 266.5 | M10: =IFERROR(__xludf.DUMMYFUNCTION("""COMPUTED_VALUE"""),"x") -> x | Q10: =IFERROR(__xludf.DUMMYFUNCTION("""COMPUTED_VALUE"""),"x") -> x | R10: =IFERROR(__xludf.DUMMYFUNCTION("""COMPUTED_VALUE"""),"x") -> x | Z10: x | AA10: x | AB10: =COUNTA(M10:Y10) -> 3 | AC10: =IF(M10="x",M$1000*1,"")*BY10 -> 1.2 | AD10: =IF(N10="x",N$1000*1,"")*BZ10 -> #VALUE! | AE10: =IF(O10="x",O$1000*1,"")*CA10 -> #VALUE! | AF10: =IF(P10="x",P$1000*1,"")*CB10 -> #VALUE! | AG10: =IF(Q10="x",Q$1000*1,"")*CC10 -> 1 | AH10: =IF(R10="x",R$1000*1,"")*CD10 -> 1 | AI10: =IF(S10="x",S$1000*1,"")*CE10 -> #VALUE! | AJ10: =IF(T10="x",T$1000*1,"")*CF10 -> #VALUE! | ... AQ10: =IF(AA10="x",AA$1000*1,"")*CM10 -> 0 | AR10: =SUM(AC10:AQ10) -> #VALUE! | AS10: =IFERROR(L10/AR10,"") | AT10: =IFERROR(__xludf.DUMMYFUNCTION("""COMPUTED_VALUE"""),10) -> 10 | AU10: =IFERROR(__xludf.DUMMYFUNCTION("""COMPUTED_VALUE"""),"") | AV10: =IFERROR(__xludf.DUMMYFUNCTION("""COMPUTED_VALUE"""),"") | AW10: =IFERROR(__xludf.DUMMYFUNCTION("""COMPUTED_VALUE"""),"") | AX10: =IFERROR(__xludf.DUMMYFUNCTION("""COMPUTED_VALUE"""),10) -> 10 | AY10: =IFERROR(__xludf.DUMMYFUNCTION("""COMPUTED_VALUE"""),10) -> 10 | AZ10: =IFERROR(__xludf.DUMMYFUNCTION("""COMPUTED_VALUE"""),"") | BA10: =IFERROR(__xludf.DUMMYFUNCTION("""COMPUTED_VALUE"""),"") | BB10: =IFERROR(__xludf.DUMMYFUNCTION("""COMPUTED_VALUE"""),"") | BC10: =IFERROR(__xludf.DUMMYFUNCTION("""COMPUTED_VALUE"""),"") | BD10: =IFERROR(__xludf.DUMMYFUNCTION("""COMPUTED_VALUE"""),"") | BF10: =IFERROR(__xludf.DUMMYFUNCTION("""COMPUTED_VALUE"""),"") | BG10: =IFERROR(__xludf.DUMMYFUNCTION("""COMPUTED_VALUE"""),10) -> 10 | BH10: =IFERROR(__xludf.DUMMYFUNCTION("""COMPUTED_VALUE"""),10) -> 10 | BI10: =IF(AC10=0,"",AC10*$AS10*(AT10/10)) -> #VALUE! | BJ10: =IF(AD10=0,"",AD10*$AS10*(AU10/10)) -> #VALUE! | BK10: =IF(AE10=0,"",AE10*$AS10*(AV10/10)) -> #VALUE! | BL10: =IF(AF10=0,"",AF10*$AS10*(AW10/10)) -> #VALUE! | BM10: =IF(AG10=0,"",AG10*$AS10*(AX10/10)) -> #VALUE! | BN10: =IF(AH10=0,"",AH10*$AS10*(AY10/10)) -> #VALUE! | BO10: =IF(AI10=0,"",AI10*$AS10*(AZ10/10)) -> #VALUE! | BP10: =IF(AJ10=0,"",AJ10*$AS10*(BA10/10)) -> #VALUE! | ... BW10: =IF(AQ10=0,"",AQ10*$AS10*(BH10/10)) | BX10: =SUM(BI10:BW10) -> #VALUE! | BY10: =IF(M10="x","1","") -> 1 | BZ10: =IF(N10="x","1","") | CA10: =IF(O10="x","1","") | CB10: =IF(P10="x","1","") | CC10: =IF(Q10="x","1","") -> 1 | CD10: =IF(R10="x","1","") -> 1 | CE10: =IF(S10="x","1","") | CF10: =IF(T10="x","1","") | ... CH10: =IF(V10="x","1","")
A11: =IFERROR(__xludf.DUMMYFUNCTION("""COMPUTED_VALUE"""),"P781") -> P781 | B11: =IFERROR(__xludf.DUMMYFUNCTION("""COMPUTED_VALUE"""),"Leonilson Barbosa Lima ") -> Leonilson Barbosa Lima | C11: x | D11: =IFERROR(__xludf.DUMMYFUNCTION("""COMPUTED_VALUE"""),45684) -> 45684 | E11: =IF(ISBLANK(D11),"",TEXT(D11,"MMMM")) -> janeiro | F11: =IFERROR(__xludf.DUMMYFUNCTION("""COMPUTED_VALUE"""),5) -> 5 | G11: =IFERROR(__xludf.DUMMYFUNCTION("""COMPUTED_VALUE"""),600) -> 600 | H11: =IF(ISBLANK(G11),"",F11*G11/1000) -> 3 | I11: =IF(ISBLANK(F11),"",IF(H11<5,200,IF(H11<10,300,IF(H11<20,500,IF(H11<30,750,IF(H11<50,1000,IF(H11<75,1500,IF(H11>75,2000)))))))) -> 200 | J11: =IFERROR(__xludf.DUMMYFUNCTION("""COMPUTED_VALUE"""),85.2777777777777) -> 85.277778 | K11: FALSE | L11: =IF(K11=TRUE(),0,IF(C11="x",IF(ISBLANK(A11),"", I11*(J11/100)),"PENDENTE")) -> 170.55556 | O11: =IFERROR(__xludf.DUMMYFUNCTION("""COMPUTED_VALUE"""),"x") -> x | P11: =IFERROR(__xludf.DUMMYFUNCTION("""COMPUTED_VALUE"""),"x") -> x | T11: =IFERROR(__xludf.DUMMYFUNCTION("""COMPUTED_VALUE"""),"x") -> x | Z11: x | AA11: x | AB11: =COUNTA(M11:Y11) -> 3 | AC11: =IF(M11="x",M$1000*1,"")*BY11 -> #VALUE! | AD11: =IF(N11="x",N$1000*1,"")*BZ11 -> #VALUE! | AE11: =IF(O11="x",O$1000*1,"")*CA11 -> 1 | AF11: =IF(P11="x",P$1000*1,"")*CB11 -> 1.2 | AG11: =IF(Q11="x",Q$1000*1,"")*CC11 -> #VALUE! | AH11: =IF(R11="x",R$1000*1,"")*CD11 -> #VALUE! | AI11: =IF(S11="x",S$1000*1,"")*CE11 -> #VALUE! | AJ11: =IF(T11="x",T$1000*1,"")*CF11 -> 1 | ... AQ11: =IF(AA11="x",AA$1000*1,"")*CM11 -> 0 | AR11: =SUM(AC11:AQ11) -> #VALUE! | AS11: =IFERROR(L11/AR11,"") | AT11: =IFERROR(__xludf.DUMMYFUNCTION("""COMPUTED_VALUE"""),"") | AU11: =IFERROR(__xludf.DUMMYFUNCTION("""COMPUTED_VALUE"""),10) -> 10 | AV11: =IFERROR(__xludf.DUMMYFUNCTION("""COMPUTED_VALUE"""),10) -> 10 | AW11: =IFERROR(__xludf.DUMMYFUNCTION("""COMPUTED_VALUE"""),10) -> 10 | AX11: =IFERROR(__xludf.DUMMYFUNCTION("""COMPUTED_VALUE"""),10) -> 10 | AY11: =IFERROR(__xludf.DUMMYFUNCTION("""COMPUTED_VALUE"""),"") | AZ11: =IFERROR(__xludf.DUMMYFUNCTION("""COMPUTED_VALUE"""),"") | BA11: =IFERROR(__xludf.DUMMYFUNCTION("""COMPUTED_VALUE"""),10) -> 10 | BB11: =IFERROR(__xludf.DUMMYFUNCTION("""COMPUTED_VALUE"""),"") | BC11: =IFERROR(__xludf.DUMMYFUNCTION("""COMPUTED_VALUE"""),"") | BD11: =IFERROR(__xludf.DUMMYFUNCTION("""COMPUTED_VALUE"""),"") | BF11: =IFERROR(__xludf.DUMMYFUNCTION("""COMPUTED_VALUE"""),"") | BG11: =IFERROR(__xludf.DUMMYFUNCTION("""COMPUTED_VALUE"""),10) -> 10 | BH11: =IFERROR(__xludf.DUMMYFUNCTION("""COMPUTED_VALUE"""),10) -> 10 | BI11: =IF(AC11=0,"",AC11*$AS11*(AT11/10)) -> #VALUE! | BJ11: =IF(AD11=0,"",AD11*$AS11*(AU11/10)) -> #VALUE! | BK11: =IF(AE11=0,"",AE11*$AS11*(AV11/10)) -> #VALUE! | BL11: =IF(AF11=0,"",AF11*$AS11*(AW11/10)) -> #VALUE! | BM11: =IF(AG11=0,"",AG11*$AS11*(AX11/10)) -> #VALUE! | BN11: =IF(AH11=0,"",AH11*$AS11*(AY11/10)) -> #VALUE! | BO11: =IF(AI11=0,"",AI11*$AS11*(AZ11/10)) -> #VALUE! | BP11: =IF(AJ11=0,"",AJ11*$AS11*(BA11/10)) -> #VALUE! | ... BW11: =IF(AQ11=0,"",AQ11*$AS11*(BH11/10)) | BX11: =SUM(BI11:BW11) -> #VALUE! | BY11: =IF(M11="x","1","") | BZ11: =IF(N11="x","1","") | CA11: =IF(O11="x","1","") -> 1 | CB11: =IF(P11="x","1","") -> 1 | CC11: =IF(Q11="x","1","") | CD11: =IF(R11="x","1","") | CE11: =IF(S11="x","1","") | CF11: =IF(T11="x","1","") -> 1 | ... CH11: =IF(V11="x","1","")
A12: =IFERROR(__xludf.DUMMYFUNCTION("""COMPUTED_VALUE"""),"P780") -> P780 | B12: =IFERROR(__xludf.DUMMYFUNCTION("""COMPUTED_VALUE"""),"Marcos Roberto de Assis") -> Marcos Roberto de Assis | C12: x | D12: =IFERROR(__xludf.DUMMYFUNCTION("""COMPUTED_VALUE"""),45693) -> 45693 | E12: =IF(ISBLANK(D12),"",TEXT(D12,"MMMM")) -> fevereiro | F12: =IFERROR(__xludf.DUMMYFUNCTION("""COMPUTED_VALUE"""),10) -> 10 | G12: =IFERROR(__xludf.DUMMYFUNCTION("""COMPUTED_VALUE"""),600) -> 600 | H12: =IF(ISBLANK(G12),"",F12*G12/1000) -> 6 | I12: =IF(ISBLANK(F12),"",IF(H12<5,200,IF(H12<10,300,IF(H12<20,500,IF(H12<30,750,IF(H12<50,1000,IF(H12<75,1500,IF(H12>75,2000)))))))) -> 300 | J12: =IFERROR(__xludf.DUMMYFUNCTION("""COMPUTED_VALUE"""),99.6543209876543) -> 99.654321 | K12: FALSE | L12: =IF(K12=TRUE(),0,IF(C12="x",IF(ISBLANK(A12),"", I12*(J12/100)),"PENDENTE")) -> 298.96296 | M12: =IFERROR(__xludf.DUMMYFUNCTION("""COMPUTED_VALUE"""),"x") -> x | Q12: =IFERROR(__xludf.DUMMYFUNCTION("""COMPUTED_VALUE"""),"x") -> x | R12: =IFERROR(__xludf.DUMMYFUNCTION("""COMPUTED_VALUE"""),"x") -> x | S12: =IFERROR(__xludf.DUMMYFUNCTION("""COMPUTED_VALUE"""),"x") -> x | Z12: x | AA12: x | AB12: =COUNTA(M12:Y12) -> 4 | AC12: =IF(M12="x",M$1000*1,"")*BY12 -> 1.2 | AD12: =IF(N12="x",N$1000*1,"")*BZ12 -> #VALUE! | AE12: =IF(O12="x",O$1000*1,"")*CA12 -> #VALUE! | AF12: =IF(P12="x",P$1000*1,"")*CB12 -> #VALUE! | AG12: =IF(Q12="x",Q$1000*1,"")*CC12 -> 1 | AH12: =IF(R12="x",R$1000*1,"")*CD12 -> 1 | AI12: =IF(S12="x",S$1000*1,"")*CE12 -> 1.1 | AJ12: =IF(T12="x",T$1000*1,"")*CF12 -> #VALUE! | ... AQ12: =IF(AA12="x",AA$1000*1,"")*CM12 -> 0 | AR12: =SUM(AC12:AQ12) -> #VALUE! | AS12: =IFERROR(L12/AR12,"") | AT12: =IFERROR(__xludf.DUMMYFUNCTION("""COMPUTED_VALUE"""),10) -> 10 | AU12: =IFERROR(__xludf.DUMMYFUNCTION("""COMPUTED_VALUE"""),"") | AV12: =IFERROR(__xludf.DUMMYFUNCTION("""COMPUTED_VALUE"""),"") | AW12: =IFERROR(__xludf.DUMMYFUNCTION("""COMPUTED_VALUE"""),"") | AX12: =IFERROR(__xludf.DUMMYFUNCTION("""COMPUTED_VALUE"""),10) -> 10 | AY12: =IFERROR(__xludf.DUMMYFUNCTION("""COMPUTED_VALUE"""),10) -> 10 | AZ12: =IFERROR(__xludf.DUMMYFUNCTION("""COMPUTED_VALUE"""),10) -> 10 | BA12: =IFERROR(__xludf.DUMMYFUNCTION("""COMPUTED_VALUE"""),"") | BB12: =IFERROR(__xludf.DUMMYFUNCTION("""COMPUTED_VALUE"""),"") | BC12: =IFERROR(__xludf.DUMMYFUNCTION("""COMPUTED_VALUE"""),"") | BD12: =IFERROR(__xludf.DUMMYFUNCTION("""COMPUTED_VALUE"""),"") | BF12: =IFERROR(__xludf.DUMMYFUNCTION("""COMPUTED_VALUE"""),"") | BG12: =IFERROR(__xludf.DUMMYFUNCTION("""COMPUTED_VALUE"""),10) -> 10 | BH12: =IFERROR(__xludf.DUMMYFUNCTION("""COMPUTED_VALUE"""),10) -> 10 | BI12: =IF(AC12=0,"",AC12*$AS12*(AT12/10)) -> #VALUE! | BJ12: =IF(AD12=0,"",AD12*$AS12*(AU12/10)) -> #VALUE! | BK12: =IF(AE12=0,"",AE12*$AS12*(AV12/10)) -> #VALUE! | BL12: =IF(AF12=0,"",AF12*$AS12*(AW12/10)) -> #VALUE! | BM12: =IF(AG12=0,"",AG12*$AS12*(AX12/10)) -> #VALUE! | BN12: =IF(AH12=0,"",AH12*$AS12*(AY12/10)) -> #VALUE! | BO12: =IF(AI12=0,"",AI12*$AS12*(AZ12/10)) -> #VALUE! | BP12: =IF(AJ12=0,"",AJ12*$AS12*(BA12/10)) -> #VALUE! | ... BW12: =IF(AQ12=0,"",AQ12*$AS12*(BH12/10)) | BX12: =SUM(BI12:BW12) -> #VALUE! | BY12: =IF(M12="x","1","") -> 1 | BZ12: =IF(N12="x","1","") | CA12: =IF(O12="x","1","") | CB12: =IF(P12="x","1","") | CC12: =IF(Q12="x","1","") -> 1 | CD12: =IF(R12="x","1","") -> 1 | CE12: =IF(S12="x","1","") -> 1 | CF12: =IF(T12="x","1","") | ... CH12: =IF(V12="x","1","")
A13: =IFERROR(__xludf.DUMMYFUNCTION("""COMPUTED_VALUE"""),"P776") -> P776 | B13: =IFERROR(__xludf.DUMMYFUNCTION("""COMPUTED_VALUE"""),"Álvaro Afonso Domingues") -> Álvaro Afonso Domingues | C13: x | D13: =IFERROR(__xludf.DUMMYFUNCTION("""COMPUTED_VALUE"""),45671) -> 45671 | E13: =IF(ISBLANK(D13),"",TEXT(D13,"MMMM")) -> janeiro | F13: =IFERROR(__xludf.DUMMYFUNCTION("""COMPUTED_VALUE"""),8) -> 8 | G13: =IFERROR(__xludf.DUMMYFUNCTION("""COMPUTED_VALUE"""),600) -> 600 | H13: =IF(ISBLANK(G13),"",F13*G13/1000) -> 4.8 | I13: =IF(ISBLANK(F13),"",IF(H13<5,200,IF(H13<10,300,IF(H13<20,500,IF(H13<30,750,IF(H13<50,1000,IF(H13<75,1500,IF(H13>75,2000)))))))) -> 200 | J13: =IFERROR(__xludf.DUMMYFUNCTION("""COMPUTED_VALUE"""),96.6666666666666) -> 96.666667 | K13: FALSE | L13: =IF(K13=TRUE(),0,IF(C13="x",IF(ISBLANK(A13),"", I13*(J13/100)),"PENDENTE")) -> 193.33333 | M13: =IFERROR(__xludf.DUMMYFUNCTION("""COMPUTED_VALUE"""),"x") -> x | Q13: =IFERROR(__xludf.DUMMYFUNCTION("""COMPUTED_VALUE"""),"x") -> x | R13: =IFERROR(__xludf.DUMMYFUNCTION("""COMPUTED_VALUE"""),"x") -> x | S13: =IFERROR(__xludf.DUMMYFUNCTION("""COMPUTED_VALUE"""),"x") -> x | Z13: x | AA13: x | AB13: =COUNTA(M13:Y13) -> 4 | AC13: =IF(M13="x",M$1000*1,"")*BY13 -> 1.2 | AD13: =IF(N13="x",N$1000*1,"")*BZ13 -> #VALUE! | AE13: =IF(O13="x",O$1000*1,"")*CA13 -> #VALUE! | AF13: =IF(P13="x",P$1000*1,"")*CB13 -> #VALUE! | AG13: =IF(Q13="x",Q$1000*1,"")*CC13 -> 1 | AH13: =IF(R13="x",R$1000*1,"")*CD13 -> 1 | AI13: =IF(S13="x",S$1000*1,"")*CE13 -> 1.1 | AJ13: =IF(T13="x",T$1000*1,"")*CF13 -> #VALUE! | ... AQ13: =IF(AA13="x",AA$1000*1,"")*CM13 -> 0 | AR13: =SUM(AC13:AQ13) -> #VALUE! | AS13: =IFERROR(L13/AR13,"") | AT13: =IFERROR(__xludf.DUMMYFUNCTION("""COMPUTED_VALUE"""),10) -> 10 | AU13: =IFERROR(__xludf.DUMMYFUNCTION("""COMPUTED_VALUE"""),"") | AV13: =IFERROR(__xludf.DUMMYFUNCTION("""COMPUTED_VALUE"""),"") | AW13: =IFERROR(__xludf.DUMMYFUNCTION("""COMPUTED_VALUE"""),"") | AX13: =IFERROR(__xludf.DUMMYFUNCTION("""COMPUTED_VALUE"""),10) -> 10 | AY13: =IFERROR(__xludf.DUMMYFUNCTION("""COMPUTED_VALUE"""),10) -> 10 | AZ13: =IFERROR(__xludf.DUMMYFUNCTION("""COMPUTED_VALUE"""),10) -> 10 | BA13: =IFERROR(__xludf.DUMMYFUNCTION("""COMPUTED_VALUE"""),"") | BB13: =IFERROR(__xludf.DUMMYFUNCTION("""COMPUTED_VALUE"""),"") | BC13: =IFERROR(__xludf.DUMMYFUNCTION("""COMPUTED_VALUE"""),"") | BD13: =IFERROR(__xludf.DUMMYFUNCTION("""COMPUTED_VALUE"""),"") | BF13: =IFERROR(__xludf.DUMMYFUNCTION("""COMPUTED_VALUE"""),"") | BG13: =IFERROR(__xludf.DUMMYFUNCTION("""COMPUTED_VALUE"""),10) -> 10 | BH13: =IFERROR(__xludf.DUMMYFUNCTION("""COMPUTED_VALUE"""),10) -> 10 | BI13: =IF(AC13=0,"",AC13*$AS13*(AT13/10)) -> #VALUE! | BJ13: =IF(AD13=0,"",AD13*$AS13*(AU13/10)) -> #VALUE! | BK13: =IF(AE13=0,"",AE13*$AS13*(AV13/10)) -> #VALUE! | BL13: =IF(AF13=0,"",AF13*$AS13*(AW13/10)) -> #VALUE! | BM13: =IF(AG13=0,"",AG13*$AS13*(AX13/10)) -> #VALUE! | BN13: =IF(AH13=0,"",AH13*$AS13*(AY13/10)) -> #VALUE! | BO13: =IF(AI13=0,"",AI13*$AS13*(AZ13/10)) -> #VALUE! | BP13: =IF(AJ13=0,"",AJ13*$AS13*(BA13/10)) -> #VALUE! | ... BW13: =IF(AQ13=0,"",AQ13*$AS13*(BH13/10)) | BX13: =SUM(BI13:BW13) -> #VALUE! | BY13: =IF(M13="x","1","") -> 1 | BZ13: =IF(N13="x","1","") | CA13: =IF(O13="x","1","") | CB13: =IF(P13="x","1","") | CC13: =IF(Q13="x","1","") -> 1 | CD13: =IF(R13="x","1","") -> 1 | CE13: =IF(S13="x","1","") -> 1 | CF13: =IF(T13="x","1","") | ... CH13: =IF(V13="x","1","")
A14: =IFERROR(__xludf.DUMMYFUNCTION("""COMPUTED_VALUE"""),"P771") -> P771 | B14: =IFERROR(__xludf.DUMMYFUNCTION("""COMPUTED_VALUE"""),"Ailton Sathler ") -> Ailton Sathler | C14: x | D14: =IFERROR(__xludf.DUMMYFUNCTION("""COMPUTED_VALUE"""),45674) -> 45674 | E14: =IF(ISBLANK(D14),"",TEXT(D14,"MMMM")) -> janeiro | F14: =IFERROR(__xludf.DUMMYFUNCTION("""COMPUTED_VALUE"""),14) -> 14 | G14: =IFERROR(__xludf.DUMMYFUNCTION("""COMPUTED_VALUE"""),600) -> 600 | H14: =IF(ISBLANK(G14),"",F14*G14/1000) -> 8.4 | I14: =IF(ISBLANK(F14),"",IF(H14<5,200,IF(H14<10,300,IF(H14<20,500,IF(H14<30,750,IF(H14<50,1000,IF(H14<75,1500,IF(H14>75,2000)))))))) -> 300 | J14: =IFERROR(__xludf.DUMMYFUNCTION("""COMPUTED_VALUE"""),92.4444444444444) -> 92.444444 | K14: FALSE | L14: =IF(K14=TRUE(),0,IF(C14="x",IF(ISBLANK(A14),"", I14*(J14/100)),"PENDENTE")) -> 277.33333 | O14: =IFERROR(__xludf.DUMMYFUNCTION("""COMPUTED_VALUE"""),"x") -> x | P14: =IFERROR(__xludf.DUMMYFUNCTION("""COMPUTED_VALUE"""),"x") -> x | T14: =IFERROR(__xludf.DUMMYFUNCTION("""COMPUTED_VALUE"""),"x") -> x | Z14: x | AA14: x | AB14: =COUNTA(M14:Y14) -> 3 | AC14: =IF(M14="x",M$1000*1,"")*BY14 -> #VALUE! | AD14: =IF(N14="x",N$1000*1,"")*BZ14 -> #VALUE! | AE14: =IF(O14="x",O$1000*1,"")*CA14 -> 1 | AF14: =IF(P14="x",P$1000*1,"")*CB14 -> 1.2 | AG14: =IF(Q14="x",Q$1000*1,"")*CC14 -> #VALUE! | AH14: =IF(R14="x",R$1000*1,"")*CD14 -> #VALUE! | AI14: =IF(S14="x",S$1000*1,"")*CE14 -> #VALUE! | AJ14: =IF(T14="x",T$1000*1,"")*CF14 -> 1 | ... AQ14: =IF(AA14="x",AA$1000*1,"")*CM14 -> 0 | AR14: =SUM(AC14:AQ14) -> #VALUE! | AS14: =IFERROR(L14/AR14,"") | AT14: =IFERROR(__xludf.DUMMYFUNCTION("""COMPUTED_VALUE"""),"") | AU14: =IFERROR(__xludf.DUMMYFUNCTION("""COMPUTED_VALUE"""),10) -> 10 | AV14: =IFERROR(__xludf.DUMMYFUNCTION("""COMPUTED_VALUE"""),10) -> 10 | AW14: =IFERROR(__xludf.DUMMYFUNCTION("""COMPUTED_VALUE"""),10) -> 10 | AX14: =IFERROR(__xludf.DUMMYFUNCTION("""COMPUTED_VALUE"""),10) -> 10 | AY14: =IFERROR(__xludf.DUMMYFUNCTION("""COMPUTED_VALUE"""),"") | AZ14: =IFERROR(__xludf.DUMMYFUNCTION("""COMPUTED_VALUE"""),"") | BA14: =IFERROR(__xludf.DUMMYFUNCTION("""COMPUTED_VALUE"""),9.5) -> 9.5 | BB14: =IFERROR(__xludf.DUMMYFUNCTION("""COMPUTED_VALUE"""),"") | BC14: =IFERROR(__xludf.DUMMYFUNCTION("""COMPUTED_VALUE"""),"") | BD14: =IFERROR(__xludf.DUMMYFUNCTION("""COMPUTED_VALUE"""),"") | BF14: =IFERROR(__xludf.DUMMYFUNCTION("""COMPUTED_VALUE"""),"") | BG14: =IFERROR(__xludf.DUMMYFUNCTION("""COMPUTED_VALUE"""),9.66666666666666) -> 9.6666667 | BH14: =IFERROR(__xludf.DUMMYFUNCTION("""COMPUTED_VALUE"""),10) -> 10 | BI14: =IF(AC14=0,"",AC14*$AS14*(AT14/10)) -> #VALUE! | BJ14: =IF(AD14=0,"",AD14*$AS14*(AU14/10)) -> #VALUE! | BK14: =IF(AE14=0,"",AE14*$AS14*(AV14/10)) -> #VALUE! | BL14: =IF(AF14=0,"",AF14*$AS14*(AW14/10)) -> #VALUE! | BM14: =IF(AG14=0,"",AG14*$AS14*(AX14/10)) -> #VALUE! | BN14: =IF(AH14=0,"",AH14*$AS14*(AY14/10)) -> #VALUE! | BO14: =IF(AI14=0,"",AI14*$AS14*(AZ14/10)) -> #VALUE! | BP14: =IF(AJ14=0,"",AJ14*$AS14*(BA14/10)) -> #VALUE! | ... BW14: =IF(AQ14=0,"",AQ14*$AS14*(BH14/10)) | BX14: =SUM(BI14:BW14) -> #VALUE! | BY14: =IF(M14="x","1","") | BZ14: =IF(N14="x","1","") | CA14: =IF(O14="x","1","") -> 1 | CB14: =IF(P14="x","1","") -> 1 | CC14: =IF(Q14="x","1","") | CD14: =IF(R14="x","1","") | CE14: =IF(S14="x","1","") | CF14: =IF(T14="x","1","") -> 1 | ... CH14: =IF(V14="x","1","")
A15: =IFERROR(__xludf.DUMMYFUNCTION("""COMPUTED_VALUE"""),"P766") -> P766 | B15: =IFERROR(__xludf.DUMMYFUNCTION("""COMPUTED_VALUE"""),"Auto Máquinas (Vinícius)") -> Auto Máquinas (Vinícius) | C15: x | D15: =IFERROR(__xludf.DUMMYFUNCTION("""COMPUTED_VALUE"""),45665) -> 45665 | E15: =IF(ISBLANK(D15),"",TEXT(D15,"MMMM")) -> janeiro | F15: =IFERROR(__xludf.DUMMYFUNCTION("""COMPUTED_VALUE"""),16) -> 16 | G15: =IFERROR(__xludf.DUMMYFUNCTION("""COMPUTED_VALUE"""),600) -> 600 | H15: =IF(ISBLANK(G15),"",F15*G15/1000) -> 9.6 | I15: =IF(ISBLANK(F15),"",IF(H15<5,200,IF(H15<10,300,IF(H15<20,500,IF(H15<30,750,IF(H15<50,1000,IF(H15<75,1500,IF(H15>75,2000)))))))) -> 300 | J15: =IFERROR(__xludf.DUMMYFUNCTION("""COMPUTED_VALUE"""),92.4444444444444) -> 92.444444 | K15: FALSE | L15: =IF(K15=TRUE(),0,IF(C15="x",IF(ISBLANK(A15),"", I15*(J15/100)),"PENDENTE")) -> 277.33333 | O15: =IFERROR(__xludf.DUMMYFUNCTION("""COMPUTED_VALUE"""),"x") -> x | P15: =IFERROR(__xludf.DUMMYFUNCTION("""COMPUTED_VALUE"""),"x") -> x | T15: =IFERROR(__xludf.DUMMYFUNCTION("""COMPUTED_VALUE"""),"x") -> x | Z15: x | AA15: x | AB15: =COUNTA(M15:Y15) -> 3 | AC15: =IF(M15="x",M$1000*1,"")*BY15 -> #VALUE! | AD15: =IF(N15="x",N$1000*1,"")*BZ15 -> #VALUE! | AE15: =IF(O15="x",O$1000*1,"")*CA15 -> 1 | AF15: =IF(P15="x",P$1000*1,"")*CB15 -> 1.2 | AG15: =IF(Q15="x",Q$1000*1,"")*CC15 -> #VALUE! | AH15: =IF(R15="x",R$1000*1,"")*CD15 -> #VALUE! | AI15: =IF(S15="x",S$1000*1,"")*CE15 -> #VALUE! | AJ15: =IF(T15="x",T$1000*1,"")*CF15 -> 1 | ... AQ15: =IF(AA15="x",AA$1000*1,"")*CM15 -> 0 | AR15: =SUM(AC15:AQ15) -> #VALUE! | AS15: =IFERROR(L15/AR15,"") | AT15: =IFERROR(__xludf.DUMMYFUNCTION("""COMPUTED_VALUE"""),"") | AU15: =IFERROR(__xludf.DUMMYFUNCTION("""COMPUTED_VALUE"""),10) -> 10 | AV15: =IFERROR(__xludf.DUMMYFUNCTION("""COMPUTED_VALUE"""),10) -> 10 | AW15: =IFERROR(__xludf.DUMMYFUNCTION("""COMPUTED_VALUE"""),10) -> 10 | AX15: =IFERROR(__xludf.DUMMYFUNCTION("""COMPUTED_VALUE"""),10) -> 10 | AY15: =IFERROR(__xludf.DUMMYFUNCTION("""COMPUTED_VALUE"""),"") | AZ15: =IFERROR(__xludf.DUMMYFUNCTION("""COMPUTED_VALUE"""),"") | BA15: =IFERROR(__xludf.DUMMYFUNCTION("""COMPUTED_VALUE"""),10) -> 10 | BB15: =IFERROR(__xludf.DUMMYFUNCTION("""COMPUTED_VALUE"""),"") | BC15: =IFERROR(__xludf.DUMMYFUNCTION("""COMPUTED_VALUE"""),"") | BD15: =IFERROR(__xludf.DUMMYFUNCTION("""COMPUTED_VALUE"""),"") | BF15: =IFERROR(__xludf.DUMMYFUNCTION("""COMPUTED_VALUE"""),"") | BG15: =IFERROR(__xludf.DUMMYFUNCTION("""COMPUTED_VALUE"""),10) -> 10 | BH15: =IFERROR(__xludf.DUMMYFUNCTION("""COMPUTED_VALUE"""),10) -> 10 | BI15: =IF(AC15=0,"",AC15*$AS15*(AT15/10)) -> #VALUE! | BJ15: =IF(AD15=0,"",AD15*$AS15*(AU15/10)) -> #VALUE! | BK15: =IF(AE15=0,"",AE15*$AS15*(AV15/10)) -> #VALUE! | BL15: =IF(AF15=0,"",AF15*$AS15*(AW15/10)) -> #VALUE! | BM15: =IF(AG15=0,"",AG15*$AS15*(AX15/10)) -> #VALUE! | BN15: =IF(AH15=0,"",AH15*$AS15*(AY15/10)) -> #VALUE! | BO15: =IF(AI15=0,"",AI15*$AS15*(AZ15/10)) -> #VALUE! | BP15: =IF(AJ15=0,"",AJ15*$AS15*(BA15/10)) -> #VALUE! | ... BW15: =IF(AQ15=0,"",AQ15*$AS15*(BH15/10)) | BX15: =SUM(BI15:BW15) -> #VALUE! | BY15: =IF(M15="x","1","") | BZ15: =IF(N15="x","1","") | CA15: =IF(O15="x","1","") -> 1 | CB15: =IF(P15="x","1","") -> 1 | CC15: =IF(Q15="x","1","") | CD15: =IF(R15="x","1","") | CE15: =IF(S15="x","1","") | CF15: =IF(T15="x","1","") -> 1 | ... CH15: =IF(V15="x","1","")
A16: =IFERROR(__xludf.DUMMYFUNCTION("""COMPUTED_VALUE"""),"P765") -> P765 | B16: =IFERROR(__xludf.DUMMYFUNCTION("""COMPUTED_VALUE"""),"Silviana Malaquias da Silva") -> Silviana Malaquias da Silva | C16: x | D16: =IFERROR(__xludf.DUMMYFUNCTION("""COMPUTED_VALUE"""),45666) -> 45666 | E16: =IF(ISBLANK(D16),"",TEXT(D16,"MMMM")) -> janeiro | F16: =IFERROR(__xludf.DUMMYFUNCTION("""COMPUTED_VALUE"""),13) -> 13 | G16: =IFERROR(__xludf.DUMMYFUNCTION("""COMPUTED_VALUE"""),585) -> 585 | H16: =IF(ISBLANK(G16),"",F16*G16/1000) -> 7.605 | I16: =IF(ISBLANK(F16),"",IF(H16<5,200,IF(H16<10,300,IF(H16<20,500,IF(H16<30,750,IF(H16<50,1000,IF(H16<75,1500,IF(H16>75,2000)))))))) -> 300 | J16: =IFERROR(__xludf.DUMMYFUNCTION("""COMPUTED_VALUE"""),95.7777777777777) -> 95.777778 | K16: FALSE | L16: =IF(K16=TRUE(),0,IF(C16="x",IF(ISBLANK(A16),"", I16*(J16/100)),"PENDENTE")) -> 287.33333 | R16: =IFERROR(__xludf.DUMMYFUNCTION("""COMPUTED_VALUE"""),"x") -> x | S16: =IFERROR(__xludf.DUMMYFUNCTION("""COMPUTED_VALUE"""),"x") -> x | Z16: x | AA16: x | AB16: =COUNTA(M16:Y16) -> 2 | AC16: =IF(M16="x",M$1000*1,"")*BY16 -> #VALUE! | AD16: =IF(N16="x",N$1000*1,"")*BZ16 -> #VALUE! | AE16: =IF(O16="x",O$1000*1,"")*CA16 -> #VALUE! | AF16: =IF(P16="x",P$1000*1,"")*CB16 -> #VALUE! | AG16: =IF(Q16="x",Q$1000*1,"")*CC16 -> #VALUE! | AH16: =IF(R16="x",R$1000*1,"")*CD16 -> 1 | AI16: =IF(S16="x",S$1000*1,"")*CE16 -> 1.1 | AJ16: =IF(T16="x",T$1000*1,"")*CF16 -> #VALUE! | ... AQ16: =IF(AA16="x",AA$1000*1,"")*CM16 -> 0 | AR16: =SUM(AC16:AQ16) -> #VALUE! | AS16: =IFERROR(L16/AR16,"") | AT16: =IFERROR(__xludf.DUMMYFUNCTION("""COMPUTED_VALUE"""),"") | AU16: =IFERROR(__xludf.DUMMYFUNCTION("""COMPUTED_VALUE"""),"") | AV16: =IFERROR(__xludf.DUMMYFUNCTION("""COMPUTED_VALUE"""),"") | AW16: =IFERROR(__xludf.DUMMYFUNCTION("""COMPUTED_VALUE"""),"") | AX16: =IFERROR(__xludf.DUMMYFUNCTION("""COMPUTED_VALUE"""),"") | AY16: =IFERROR(__xludf.DUMMYFUNCTION("""COMPUTED_VALUE"""),10) -> 10 | AZ16: =IFERROR(__xludf.DUMMYFUNCTION("""COMPUTED_VALUE"""),10) -> 10 | BA16: =IFERROR(__xludf.DUMMYFUNCTION("""COMPUTED_VALUE"""),"") | BB16: =IFERROR(__xludf.DUMMYFUNCTION("""COMPUTED_VALUE"""),"") | BC16: =IFERROR(__xludf.DUMMYFUNCTION("""COMPUTED_VALUE"""),"") | BD16: =IFERROR(__xludf.DUMMYFUNCTION("""COMPUTED_VALUE"""),"") | BF16: =IFERROR(__xludf.DUMMYFUNCTION("""COMPUTED_VALUE"""),"") | BG16: =IFERROR(__xludf.DUMMYFUNCTION("""COMPUTED_VALUE"""),10) -> 10 | BH16: =IFERROR(__xludf.DUMMYFUNCTION("""COMPUTED_VALUE"""),10) -> 10 | BI16: =IF(AC16=0,"",AC16*$AS16*(AT16/10)) -> #VALUE! | BJ16: =IF(AD16=0,"",AD16*$AS16*(AU16/10)) -> #VALUE! | BK16: =IF(AE16=0,"",AE16*$AS16*(AV16/10)) -> #VALUE! | BL16: =IF(AF16=0,"",AF16*$AS16*(AW16/10)) -> #VALUE! | BM16: =IF(AG16=0,"",AG16*$AS16*(AX16/10)) -> #VALUE! | BN16: =IF(AH16=0,"",AH16*$AS16*(AY16/10)) -> #VALUE! | BO16: =IF(AI16=0,"",AI16*$AS16*(AZ16/10)) -> #VALUE! | BP16: =IF(AJ16=0,"",AJ16*$AS16*(BA16/10)) -> #VALUE! | ... BW16: =IF(AQ16=0,"",AQ16*$AS16*(BH16/10)) | BX16: =SUM(BI16:BW16) -> #VALUE! | BY16: =IF(M16="x","1","") | BZ16: =IF(N16="x","1","") | CA16: =IF(O16="x","1","") | CB16: =IF(P16="x","1","") | CC16: =IF(Q16="x","1","") | CD16: =IF(R16="x","1","") -> 1 | CE16: =IF(S16="x","1","") -> 1 | CF16: =IF(T16="x","1","") | ... CH16: =IF(V16="x","1","")
A17: =IFERROR(__xludf.DUMMYFUNCTION("""COMPUTED_VALUE"""),"P768") -> P768 | B17: =IFERROR(__xludf.DUMMYFUNCTION("""COMPUTED_VALUE"""),"Ronaldo José da Silva") -> Ronaldo José da Silva | C17: x | D17: =IFERROR(__xludf.DUMMYFUNCTION("""COMPUTED_VALUE"""),45666) -> 45666 | E17: =IF(ISBLANK(D17),"",TEXT(D17,"MMMM")) -> janeiro | F17: =IFERROR(__xludf.DUMMYFUNCTION("""COMPUTED_VALUE"""),16) -> 16 | G17: =IFERROR(__xludf.DUMMYFUNCTION("""COMPUTED_VALUE"""),600) -> 600 | H17: =IF(ISBLANK(G17),"",F17*G17/1000) -> 9.6 | I17: =IF(ISBLANK(F17),"",IF(H17<5,200,IF(H17<10,300,IF(H17<20,500,IF(H17<30,750,IF(H17<50,1000,IF(H17<75,1500,IF(H17>75,2000)))))))) -> 300 | J17: =IFERROR(__xludf.DUMMYFUNCTION("""COMPUTED_VALUE"""),83.25) -> 83.25 | K17: FALSE | L17: =IF(K17=TRUE(),0,IF(C17="x",IF(ISBLANK(A17),"", I17*(J17/100)),"PENDENTE")) -> 249.75 | M17: =IFERROR(__xludf.DUMMYFUNCTION("""COMPUTED_VALUE"""),"x") -> x | O17: =IFERROR(__xludf.DUMMYFUNCTION("""COMPUTED_VALUE"""),"x") -> x | P17: =IFERROR(__xludf.DUMMYFUNCTION("""COMPUTED_VALUE"""),"x") -> x | Q17: =IFERROR(__xludf.DUMMYFUNCTION("""COMPUTED_VALUE"""),"x") -> x | R17: =IFERROR(__xludf.DUMMYFUNCTION("""COMPUTED_VALUE"""),"x") -> x | S17: =IFERROR(__xludf.DUMMYFUNCTION("""COMPUTED_VALUE"""),"x") -> x | T17: =IFERROR(__xludf.DUMMYFUNCTION("""COMPUTED_VALUE"""),"x") -> x | Z17: x | AA17: x | AB17: =COUNTA(M17:Y17) -> 7 | AC17: =IF(M17="x",M$1000*1,"")*BY17 -> 1.2 | AD17: =IF(N17="x",N$1000*1,"")*BZ17 -> #VALUE! | AE17: =IF(O17="x",O$1000*1,"")*CA17 -> 1 | AF17: =IF(P17="x",P$1000*1,"")*CB17 -> 1.2 | AG17: =IF(Q17="x",Q$1000*1,"")*CC17 -> 1 | AH17: =IF(R17="x",R$1000*1,"")*CD17 -> 1 | AI17: =IF(S17="x",S$1000*1,"")*CE17 -> 1.1 | AJ17: =IF(T17="x",T$1000*1,"")*CF17 -> 1 | ... AQ17: =IF(AA17="x",AA$1000*1,"")*CM17 -> 0 | AR17: =SUM(AC17:AQ17) -> #VALUE! | AS17: =IFERROR(L17/AR17,"") | AT17: =IFERROR(__xludf.DUMMYFUNCTION("""COMPUTED_VALUE"""),9.6) -> 9.6 | AU17: =IFERROR(__xludf.DUMMYFUNCTION("""COMPUTED_VALUE"""),9.33333333333333) -> 9.3333333 | AV17: =IFERROR(__xludf.DUMMYFUNCTION("""COMPUTED_VALUE"""),9.66666666666666) -> 9.6666667 | AW17: =IFERROR(__xludf.DUMMYFUNCTION("""COMPUTED_VALUE"""),9.66666666666666) -> 9.6666667 | AX17: =IFERROR(__xludf.DUMMYFUNCTION("""COMPUTED_VALUE"""),9.66666666666666) -> 9.6666667 | AY17: =IFERROR(__xludf.DUMMYFUNCTION("""COMPUTED_VALUE"""),9.83333333333333) -> 9.8333333 | AZ17: =IFERROR(__xludf.DUMMYFUNCTION("""COMPUTED_VALUE"""),9.66666666666666) -> 9.6666667 | BA17: =IFERROR(__xludf.DUMMYFUNCTION("""COMPUTED_VALUE"""),9) -> 9 | BB17: =IFERROR(__xludf.DUMMYFUNCTION("""COMPUTED_VALUE"""),"") | BC17: =IFERROR(__xludf.DUMMYFUNCTION("""COMPUTED_VALUE"""),"") | BD17: =IFERROR(__xludf.DUMMYFUNCTION("""COMPUTED_VALUE"""),"") | BF17: =IFERROR(__xludf.DUMMYFUNCTION("""COMPUTED_VALUE"""),"") | BG17: =IFERROR(__xludf.DUMMYFUNCTION("""COMPUTED_VALUE"""),10) -> 10 | BH17: =IFERROR(__xludf.DUMMYFUNCTION("""COMPUTED_VALUE"""),10) -> 10 | BI17: =IF(AC17=0,"",AC17*$AS17*(AT17/10)) -> #VALUE! | BJ17: =IF(AD17=0,"",AD17*$AS17*(AU17/10)) -> #VALUE! | BK17: =IF(AE17=0,"",AE17*$AS17*(AV17/10)) -> #VALUE! | BL17: =IF(AF17=0,"",AF17*$AS17*(AW17/10)) -> #VALUE! | BM17: =IF(AG17=0,"",AG17*$AS17*(AX17/10)) -> #VALUE! | BN17: =IF(AH17=0,"",AH17*$AS17*(AY17/10)) -> #VALUE! | BO17: =IF(AI17=0,"",AI17*$AS17*(AZ17/10)) -> #VALUE! | BP17: =IF(AJ17=0,"",AJ17*$AS17*(BA17/10)) -> #VALUE! | ... BW17: =IF(AQ17=0,"",AQ17*$AS17*(BH17/10)) | BX17: =SUM(BI17:BW17) -> #VALUE! | BY17: =IF(M17="x","1","") -> 1 | BZ17: =IF(N17="x","1","") | CA17: =IF(O17="x","1","") -> 1 | CB17: =IF(P17="x","1","") -> 1 | CC17: =IF(Q17="x","1","") -> 1 | CD17: =IF(R17="x","1","") -> 1 | CE17: =IF(S17="x","1","") -> 1 | CF17: =IF(T17="x","1","") -> 1 | ... CH17: =IF(V17="x","1","")
A18: =IFERROR(__xludf.DUMMYFUNCTION("""COMPUTED_VALUE"""),"P700") -> P700 | B18: =IFERROR(__xludf.DUMMYFUNCTION("""COMPUTED_VALUE"""),"Fabio Salles II") -> Fabio Salles II | C18: N/A | D18: =IFERROR(__xludf.DUMMYFUNCTION("""COMPUTED_VALUE"""),45628) -> 45628 | E18: - | F18: =IFERROR(__xludf.DUMMYFUNCTION("""COMPUTED_VALUE"""),192) -> 192 | G18: =IFERROR(__xludf.DUMMYFUNCTION("""COMPUTED_VALUE"""),570) -> 570 | H18: =IF(ISBLANK(G18),"",F18*G18/1000) -> 109.44 | I18: 0 | J18: =IFERROR(__xludf.DUMMYFUNCTION("""COMPUTED_VALUE"""),67.7777777777777) -> 67.777778 | K18: TRUE | L18: =IF(K18=TRUE(),0,IF(C18="x",IF(ISBLANK(A18),"", I18*(J18/100)),"PENDENTE")) -> 0 | Z18: x | AA18: x | AB18: =COUNTA(M18:Y18) -> 0 | AC18: =IF(M18="x",M$1000*1,"")*BY18 -> #VALUE! | AD18: =IF(N18="x",N$1000*1,"")*BZ18 -> #VALUE! | AE18: =IF(O18="x",O$1000*1,"")*CA18 -> #VALUE! | AF18: =IF(P18="x",P$1000*1,"")*CB18 -> #VALUE! | AG18: =IF(Q18="x",Q$1000*1,"")*CC18 -> #VALUE! | AH18: =IF(R18="x",R$1000*1,"")*CD18 -> #VALUE! | AI18: =IF(S18="x",S$1000*1,"")*CE18 -> #VALUE! | AJ18: =IF(T18="x",T$1000*1,"")*CF18 -> #VALUE! | ... AQ18: =IF(AA18="x",AA$1000*1,"")*CM18 -> 0 | AR18: =SUM(AC18:AQ18) -> #VALUE! | AS18: =IFERROR(L18/AR18,"") | AT18: =IFERROR(__xludf.DUMMYFUNCTION("""COMPUTED_VALUE"""),"") | AU18: =IFERROR(__xludf.DUMMYFUNCTION("""COMPUTED_VALUE"""),"") | AV18: =IFERROR(__xludf.DUMMYFUNCTION("""COMPUTED_VALUE"""),"") | AW18: =IFERROR(__xludf.DUMMYFUNCTION("""COMPUTED_VALUE"""),"") | AX18: =IFERROR(__xludf.DUMMYFUNCTION("""COMPUTED_VALUE"""),"") | AY18: =IFERROR(__xludf.DUMMYFUNCTION("""COMPUTED_VALUE"""),"") | AZ18: =IFERROR(__xludf.DUMMYFUNCTION("""COMPUTED_VALUE"""),"") | BA18: =IFERROR(__xludf.DUMMYFUNCTION("""COMPUTED_VALUE"""),"") | ... BD18: =IFERROR(__xludf.DUMMYFUNCTION("""COMPUTED_VALUE"""),"") | BF18: =IFERROR(__xludf.DUMMYFUNCTION("""COMPUTED_VALUE"""),"") | BG18: =IFERROR(__xludf.DUMMYFUNCTION("""COMPUTED_VALUE"""),"") | BH18: =IFERROR(__xludf.DUMMYFUNCTION("""COMPUTED_VALUE"""),"") | BQ18: =IF(AK18=0,"",AK18*$AS18*(BB18/10)) -> #VALUE! | BR18: =IF(AL18=0,"",AL18*$AS18*(BC18/10)) -> #VALUE! | BS18: =IF(AM18=0,"",AM18*$AS18*(BD18/10)) -> #VALUE! | BT18: =IF(AN18=0,"",AN18*$AS18*(BE18/10)) -> #VALUE! | BU18: =IF(AO18=0,"",AO18*$AS18*(BF18/10)) -> #VALUE! | BV18: =IF(AP18=0,"",AP18*$AS18*(BG18/10)) | BW18: =IF(AQ18=0,"",AQ18*$AS18*(BH18/10)) | BX18: =SUM(BI18:BW18) -> #VALUE! | BY18: =IF(M18="x","1","") | BZ18: =IF(N18="x","1","") | CA18: =IF(O18="x","1","") | CB18: =IF(P18="x","1","") | CC18: =IF(Q18="x","1","") | CD18: =IF(R18="x","1","") | CE18: =IF(S18="x","1","") | CF18: =IF(T18="x","1","") | ... CH18: =IF(V18="x","1","")
A19: =IFERROR(__xludf.DUMMYFUNCTION("""COMPUTED_VALUE"""),"P230 II") -> P230 II | B19: =IFERROR(__xludf.DUMMYFUNCTION("""COMPUTED_VALUE"""),"Marcio Sad") -> Marcio Sad | C19: N/A | E19: - | F19: =IFERROR(__xludf.DUMMYFUNCTION("""COMPUTED_VALUE"""),7) -> 7 | G19: =IFERROR(__xludf.DUMMYFUNCTION("""COMPUTED_VALUE"""),600) -> 600 | H19: =IF(ISBLANK(G19),"",F19*G19/1000) -> 4.2 | I19: 0 | J19: =IFERROR(__xludf.DUMMYFUNCTION("""COMPUTED_VALUE"""),88.7777777777777) -> 88.777778 | K19: TRUE | L19: =IF(K19=TRUE(),0,IF(C19="x",IF(ISBLANK(A19),"", I19*(J19/100)),"PENDENTE")) -> 0 | O19: =IFERROR(__xludf.DUMMYFUNCTION("""COMPUTED_VALUE"""),"x") -> x | P19: =IFERROR(__xludf.DUMMYFUNCTION("""COMPUTED_VALUE"""),"x") -> x | T19: =IFERROR(__xludf.DUMMYFUNCTION("""COMPUTED_VALUE"""),"x") -> x | Z19: x | AA19: x | AB19: =COUNTA(M19:Y19) -> 3 | AC19: =IF(M19="x",M$1000*1,"")*BY19 -> #VALUE! | AD19: =IF(N19="x",N$1000*1,"")*BZ19 -> #VALUE! | AE19: =IF(O19="x",O$1000*1,"")*CA19 -> 1 | AF19: =IF(P19="x",P$1000*1,"")*CB19 -> 1.2 | AG19: =IF(Q19="x",Q$1000*1,"")*CC19 -> #VALUE! | AH19: =IF(R19="x",R$1000*1,"")*CD19 -> #VALUE! | AI19: =IF(S19="x",S$1000*1,"")*CE19 -> #VALUE! | AJ19: =IF(T19="x",T$1000*1,"")*CF19 -> 1 | ... AQ19: =IF(AA19="x",AA$1000*1,"")*CM19 -> 0 | AR19: =SUM(AC19:AQ19) -> #VALUE! | AS19: =IFERROR(L19/AR19,"") | AT19: =IFERROR(__xludf.DUMMYFUNCTION("""COMPUTED_VALUE"""),"") | AU19: =IFERROR(__xludf.DUMMYFUNCTION("""COMPUTED_VALUE"""),10) -> 10 | AV19: =IFERROR(__xludf.DUMMYFUNCTION("""COMPUTED_VALUE"""),10) -> 10 | AW19: =IFERROR(__xludf.DUMMYFUNCTION("""COMPUTED_VALUE"""),10) -> 10 | AX19: =IFERROR(__xludf.DUMMYFUNCTION("""COMPUTED_VALUE"""),10) -> 10 | AY19: =IFERROR(__xludf.DUMMYFUNCTION("""COMPUTED_VALUE"""),"") | AZ19: =IFERROR(__xludf.DUMMYFUNCTION("""COMPUTED_VALUE"""),"") | BA19: =IFERROR(__xludf.DUMMYFUNCTION("""COMPUTED_VALUE"""),10) -> 10 | BB19: =IFERROR(__xludf.DUMMYFUNCTION("""COMPUTED_VALUE"""),"") | BC19: =IFERROR(__xludf.DUMMYFUNCTION("""COMPUTED_VALUE"""),"") | BD19: =IFERROR(__xludf.DUMMYFUNCTION("""COMPUTED_VALUE"""),"") | BF19: =IFERROR(__xludf.DUMMYFUNCTION("""COMPUTED_VALUE"""),"") | BG19: =IFERROR(__xludf.DUMMYFUNCTION("""COMPUTED_VALUE"""),10) -> 10 | BH19: =IFERROR(__xludf.DUMMYFUNCTION("""COMPUTED_VALUE"""),10) -> 10 | BQ19: =IF(AK19=0,"",AK19*$AS19*(BB19/10)) -> #VALUE! | BR19: =IF(AL19=0,"",AL19*$AS19*(BC19/10)) -> #VALUE! | BS19: =IF(AM19=0,"",AM19*$AS19*(BD19/10)) -> #VALUE! | BT19: =IF(AN19=0,"",AN19*$AS19*(BE19/10)) -> #VALUE! | BU19: =IF(AO19=0,"",AO19*$AS19*(BF19/10)) -> #VALUE! | BV19: =IF(AP19=0,"",AP19*$AS19*(BG19/10)) | BW19: =IF(AQ19=0,"",AQ19*$AS19*(BH19/10)) | BX19: =SUM(BI19:BW19) -> #VALUE! | BY19: =IF(M19="x","1","") | BZ19: =IF(N19="x","1","") | CA19: =IF(O19="x","1","") -> 1 | CB19: =IF(P19="x","1","") -> 1 | CC19: =IF(Q19="x","1","") | CD19: =IF(R19="x","1","") | CE19: =IF(S19="x","1","") | CF19: =IF(T19="x","1","") -> 1 | ... CH19: =IF(V19="x","1","")
A20: =IFERROR(__xludf.DUMMYFUNCTION("""COMPUTED_VALUE"""),"P772") -> P772 | B20: =IFERROR(__xludf.DUMMYFUNCTION("""COMPUTED_VALUE"""),"Vicente Ferreira") -> Vicente Ferreira | C20: x | D20: =IFERROR(__xludf.DUMMYFUNCTION("""COMPUTED_VALUE"""),45686) -> 45686 | E20: =IF(ISBLANK(D20),"",TEXT(D20,"MMMM")) -> janeiro | F20: =IFERROR(__xludf.DUMMYFUNCTION("""COMPUTED_VALUE"""),15) -> 15 | G20: =IFERROR(__xludf.DUMMYFUNCTION("""COMPUTED_VALUE"""),600) -> 600 | H20: =IF(ISBLANK(G20),"",F20*G20/1000) -> 9 | I20: =IF(ISBLANK(F20),"",IF(H20<5,200,IF(H20<10,300,IF(H20<20,500,IF(H20<30,750,IF(H20<50,1000,IF(H20<75,1500,IF(H20>75,2000)))))))) -> 300 | J20: =IFERROR(__xludf.DUMMYFUNCTION("""COMPUTED_VALUE"""),99.8888888888888) -> 99.888889 | K20: FALSE | L20: =IF(K20=TRUE(),0,IF(C20="x",IF(ISBLANK(A20),"", I20*(J20/100)),"PENDENTE")) -> 299.66667 | M20: =IFERROR(__xludf.DUMMYFUNCTION("""COMPUTED_VALUE"""),"x") -> x | R20: =IFERROR(__xludf.DUMMYFUNCTION("""COMPUTED_VALUE"""),"x") -> x | S20: =IFERROR(__xludf.DUMMYFUNCTION("""COMPUTED_VALUE"""),"x") -> x | Z20: x | AA20: x | AB20: =COUNTA(M20:Y20) -> 3 | AC20: =IF(M20="x",M$1000*1,"")*BY20 -> 1.2 | AD20: =IF(N20="x",N$1000*1,"")*BZ20 -> #VALUE! | AE20: =IF(O20="x",O$1000*1,"")*CA20 -> #VALUE! | AF20: =IF(P20="x",P$1000*1,"")*CB20 -> #VALUE! | AG20: =IF(Q20="x",Q$1000*1,"")*CC20 -> #VALUE! | AH20: =IF(R20="x",R$1000*1,"")*CD20 -> 1 | AI20: =IF(S20="x",S$1000*1,"")*CE20 -> 1.1 | AJ20: =IF(T20="x",T$1000*1,"")*CF20 -> #VALUE! | ... AQ20: =IF(AA20="x",AA$1000*1,"")*CM20 -> 0 | AR20: =SUM(AC20:AQ20) -> #VALUE! | AS20: =IFERROR(L20/AR20,"") | AT20: =IFERROR(__xludf.DUMMYFUNCTION("""COMPUTED_VALUE"""),9) -> 9 | AU20: =IFERROR(__xludf.DUMMYFUNCTION("""COMPUTED_VALUE"""),"") | AV20: =IFERROR(__xludf.DUMMYFUNCTION("""COMPUTED_VALUE"""),"") | AW20: =IFERROR(__xludf.DUMMYFUNCTION("""COMPUTED_VALUE"""),"") | AX20: =IFERROR(__xludf.DUMMYFUNCTION("""COMPUTED_VALUE"""),"") | AY20: =IFERROR(__xludf.DUMMYFUNCTION("""COMPUTED_VALUE"""),10) -> 10 | AZ20: =IFERROR(__xludf.DUMMYFUNCTION("""COMPUTED_VALUE"""),10) -> 10 | BA20: =IFERROR(__xludf.DUMMYFUNCTION("""COMPUTED_VALUE"""),"") | BB20: =IFERROR(__xludf.DUMMYFUNCTION("""COMPUTED_VALUE"""),"") | BC20: =IFERROR(__xludf.DUMMYFUNCTION("""COMPUTED_VALUE"""),"") | BD20: =IFERROR(__xludf.DUMMYFUNCTION("""COMPUTED_VALUE"""),"") | BF20: =IFERROR(__xludf.DUMMYFUNCTION("""COMPUTED_VALUE"""),"") | BG20: =IFERROR(__xludf.DUMMYFUNCTION("""COMPUTED_VALUE"""),10) -> 10 | BH20: =IFERROR(__xludf.DUMMYFUNCTION("""COMPUTED_VALUE"""),10) -> 10 | BI20: =IF(AC20=0,"",AC20*$AS20*(AT20/10)) -> #VALUE! | BJ20: =IF(AD20=0,"",AD20*$AS20*(AU20/10)) -> #VALUE! | BK20: =IF(AE20=0,"",AE20*$AS20*(AV20/10)) -> #VALUE! | BL20: =IF(AF20=0,"",AF20*$AS20*(AW20/10)) -> #VALUE! | BM20: =IF(AG20=0,"",AG20*$AS20*(AX20/10)) -> #VALUE! | BN20: =IF(AH20=0,"",AH20*$AS20*(AY20/10)) -> #VALUE! | BO20: =IF(AI20=0,"",AI20*$AS20*(AZ20/10)) -> #VALUE! | BP20: =IF(AJ20=0,"",AJ20*$AS20*(BA20/10)) -> #VALUE! | ... BW20: =IF(AQ20=0,"",AQ20*$AS20*(BH20/10)) | BX20: =SUM(BI20:BW20) -> #VALUE! | BY20: =IF(M20="x","1","") -> 1 | BZ20: =IF(N20="x","1","") | CA20: =IF(O20="x","1","") | CB20: =IF(P20="x","1","") | CC20: =IF(Q20="x","1","") | CD20: =IF(R20="x","1","") -> 1 | CE20: =IF(S20="x","1","") -> 1 | CF20: =IF(T20="x","1","") | ... CH20: =IF(V20="x","1","")
A21: =IFERROR(__xludf.DUMMYFUNCTION("""COMPUTED_VALUE"""),"P784") -> P784 | B21: =IFERROR(__xludf.DUMMYFUNCTION("""COMPUTED_VALUE"""),"Carlos Roberto Shot") -> Carlos Roberto Shot | C21: x | D21: =IFERROR(__xludf.DUMMYFUNCTION("""COMPUTED_VALUE"""),45692) -> 45692 | E21: =IF(ISBLANK(D21),"",TEXT(D21,"MMMM")) -> fevereiro | F21: =IFERROR(__xludf.DUMMYFUNCTION("""COMPUTED_VALUE"""),10) -> 10 | G21: =IFERROR(__xludf.DUMMYFUNCTION("""COMPUTED_VALUE"""),600) -> 600 | H21: =IF(ISBLANK(G21),"",F21*G21/1000) -> 6 | I21: =IF(ISBLANK(F21),"",IF(H21<5,200,IF(H21<10,300,IF(H21<20,500,IF(H21<30,750,IF(H21<50,1000,IF(H21<75,1500,IF(H21>75,2000)))))))) -> 300 | J21: =IFERROR(__xludf.DUMMYFUNCTION("""COMPUTED_VALUE"""),98.3209876543209) -> 98.320988 | K21: FALSE | L21: =IF(K21=TRUE(),0,IF(C21="x",IF(ISBLANK(A21),"", I21*(J21/100)),"PENDENTE")) -> 294.96296 | M21: =IFERROR(__xludf.DUMMYFUNCTION("""COMPUTED_VALUE"""),"x") -> x | Q21: =IFERROR(__xludf.DUMMYFUNCTION("""COMPUTED_VALUE"""),"x") -> x | R21: =IFERROR(__xludf.DUMMYFUNCTION("""COMPUTED_VALUE"""),"x") -> x | S21: =IFERROR(__xludf.DUMMYFUNCTION("""COMPUTED_VALUE"""),"x") -> x | Z21: x | AA21: x | AB21: =COUNTA(M21:Y21) -> 4 | AC21: =IF(M21="x",M$1000*1,"")*BY21 -> 1.2 | AD21: =IF(N21="x",N$1000*1,"")*BZ21 -> #VALUE! | AE21: =IF(O21="x",O$1000*1,"")*CA21 -> #VALUE! | AF21: =IF(P21="x",P$1000*1,"")*CB21 -> #VALUE! | AG21: =IF(Q21="x",Q$1000*1,"")*CC21 -> 1 | AH21: =IF(R21="x",R$1000*1,"")*CD21 -> 1 | AI21: =IF(S21="x",S$1000*1,"")*CE21 -> 1.1 | AJ21: =IF(T21="x",T$1000*1,"")*CF21 -> #VALUE! | ... AQ21: =IF(AA21="x",AA$1000*1,"")*CM21 -> 0 | AR21: =SUM(AC21:AQ21) -> #VALUE! | AS21: =IFERROR(L21/AR21,"") | AT21: =IFERROR(__xludf.DUMMYFUNCTION("""COMPUTED_VALUE"""),10) -> 10 | AU21: =IFERROR(__xludf.DUMMYFUNCTION("""COMPUTED_VALUE"""),"") | AV21: =IFERROR(__xludf.DUMMYFUNCTION("""COMPUTED_VALUE"""),"") | AW21: =IFERROR(__xludf.DUMMYFUNCTION("""COMPUTED_VALUE"""),"") | AX21: =IFERROR(__xludf.DUMMYFUNCTION("""COMPUTED_VALUE"""),10) -> 10 | AY21: =IFERROR(__xludf.DUMMYFUNCTION("""COMPUTED_VALUE"""),10) -> 10 | AZ21: =IFERROR(__xludf.DUMMYFUNCTION("""COMPUTED_VALUE"""),10) -> 10 | BA21: =IFERROR(__xludf.DUMMYFUNCTION("""COMPUTED_VALUE"""),"") | BB21: =IFERROR(__xludf.DUMMYFUNCTION("""COMPUTED_VALUE"""),"") | BC21: =IFERROR(__xludf.DUMMYFUNCTION("""COMPUTED_VALUE"""),"") | BD21: =IFERROR(__xludf.DUMMYFUNCTION("""COMPUTED_VALUE"""),"") | BF21: =IFERROR(__xludf.DUMMYFUNCTION("""COMPUTED_VALUE"""),"") | BG21: =IFERROR(__xludf.DUMMYFUNCTION("""COMPUTED_VALUE"""),10) -> 10 | BH21: =IFERROR(__xludf.DUMMYFUNCTION("""COMPUTED_VALUE"""),10) -> 10 | BI21: =IF(AC21=0,"",AC21*$AS21*(AT21/10)) -> #VALUE! | BJ21: =IF(AD21=0,"",AD21*$AS21*(AU21/10)) -> #VALUE! | BK21: =IF(AE21=0,"",AE21*$AS21*(AV21/10)) -> #VALUE! | BL21: =IF(AF21=0,"",AF21*$AS21*(AW21/10)) -> #VALUE! | BM21: =IF(AG21=0,"",AG21*$AS21*(AX21/10)) -> #VALUE! | BN21: =IF(AH21=0,"",AH21*$AS21*(AY21/10)) -> #VALUE! | BO21: =IF(AI21=0,"",AI21*$AS21*(AZ21/10)) -> #VALUE! | BP21: =IF(AJ21=0,"",AJ21*$AS21*(BA21/10)) -> #VALUE! | ... BW21: =IF(AQ21=0,"",AQ21*$AS21*(BH21/10)) | BX21: =SUM(BI21:BW21) -> #VALUE! | BY21: =IF(M21="x","1","") -> 1 | BZ21: =IF(N21="x","1","") | CA21: =IF(O21="x","1","") | CB21: =IF(P21="x","1","") | CC21: =IF(Q21="x","1","") -> 1 | CD21: =IF(R21="x","1","") -> 1 | CE21: =IF(S21="x","1","") -> 1 | CF21: =IF(T21="x","1","") | ... CH21: =IF(V21="x","1","")
A22: =IFERROR(__xludf.DUMMYFUNCTION("""COMPUTED_VALUE"""),"P789") -> P789 | B22: =IFERROR(__xludf.DUMMYFUNCTION("""COMPUTED_VALUE"""),"Alexandre Lopes de Faria") -> Alexandre Lopes de Faria | C22: x | D22: =IFERROR(__xludf.DUMMYFUNCTION("""COMPUTED_VALUE"""),45693) -> 45693 | E22: =IF(ISBLANK(D22),"",TEXT(D22,"MMMM")) -> fevereiro | F22: =IFERROR(__xludf.DUMMYFUNCTION("""COMPUTED_VALUE"""),7) -> 7 | G22: =IFERROR(__xludf.DUMMYFUNCTION("""COMPUTED_VALUE"""),600) -> 600 | H22: =IF(ISBLANK(G22),"",F22*G22/1000) -> 4.2 | I22: =IF(ISBLANK(F22),"",IF(H22<5,200,IF(H22<10,300,IF(H22<20,500,IF(H22<30,750,IF(H22<50,1000,IF(H22<75,1500,IF(H22>75,2000)))))))) -> 200 | J22: =IFERROR(__xludf.DUMMYFUNCTION("""COMPUTED_VALUE"""),98.5432098765432) -> 98.54321 | K22: FALSE | L22: =IF(K22=TRUE(),0,IF(C22="x",IF(ISBLANK(A22),"", I22*(J22/100)),"PENDENTE")) -> 197.08642 | M22: =IFERROR(__xludf.DUMMYFUNCTION("""COMPUTED_VALUE"""),"x") -> x | Q22: =IFERROR(__xludf.DUMMYFUNCTION("""COMPUTED_VALUE"""),"x") -> x | R22: =IFERROR(__xludf.DUMMYFUNCTION("""COMPUTED_VALUE"""),"x") -> x | Z22: x | AA22: x | AB22: =COUNTA(M22:Y22) -> 3 | AC22: =IF(M22="x",M$1000*1,"")*BY22 -> 1.2 | AD22: =IF(N22="x",N$1000*1,"")*BZ22 -> #VALUE! | AE22: =IF(O22="x",O$1000*1,"")*CA22 -> #VALUE! | AF22: =IF(P22="x",P$1000*1,"")*CB22 -> #VALUE! | AG22: =IF(Q22="x",Q$1000*1,"")*CC22 -> 1 | AH22: =IF(R22="x",R$1000*1,"")*CD22 -> 1 | AI22: =IF(S22="x",S$1000*1,"")*CE22 -> #VALUE! | AJ22: =IF(T22="x",T$1000*1,"")*CF22 -> #VALUE! | ... AQ22: =IF(AA22="x",AA$1000*1,"")*CM22 -> 0 | AR22: =SUM(AC22:AQ22) -> #VALUE! | AS22: =IFERROR(L22/AR22,"") | AT22: =IFERROR(__xludf.DUMMYFUNCTION("""COMPUTED_VALUE"""),10) -> 10 | AU22: =IFERROR(__xludf.DUMMYFUNCTION("""COMPUTED_VALUE"""),"") | AV22: =IFERROR(__xludf.DUMMYFUNCTION("""COMPUTED_VALUE"""),"") | AW22: =IFERROR(__xludf.DUMMYFUNCTION("""COMPUTED_VALUE"""),"") | AX22: =IFERROR(__xludf.DUMMYFUNCTION("""COMPUTED_VALUE"""),10) -> 10 | AY22: =IFERROR(__xludf.DUMMYFUNCTION("""COMPUTED_VALUE"""),10) -> 10 | AZ22: =IFERROR(__xludf.DUMMYFUNCTION("""COMPUTED_VALUE"""),"") | BA22: =IFERROR(__xludf.DUMMYFUNCTION("""COMPUTED_VALUE"""),"") | BB22: =IFERROR(__xludf.DUMMYFUNCTION("""COMPUTED_VALUE"""),"") | BC22: =IFERROR(__xludf.DUMMYFUNCTION("""COMPUTED_VALUE"""),"") | BD22: =IFERROR(__xludf.DUMMYFUNCTION("""COMPUTED_VALUE"""),"") | BF22: =IFERROR(__xludf.DUMMYFUNCTION("""COMPUTED_VALUE"""),"") | BG22: =IFERROR(__xludf.DUMMYFUNCTION("""COMPUTED_VALUE"""),10) -> 10 | BH22: =IFERROR(__xludf.DUMMYFUNCTION("""COMPUTED_VALUE"""),10) -> 10 | BI22: =IF(AC22=0,"",AC22*$AS22*(AT22/10)) -> #VALUE! | BJ22: =IF(AD22=0,"",AD22*$AS22*(AU22/10)) -> #VALUE! | BK22: =IF(AE22=0,"",AE22*$AS22*(AV22/10)) -> #VALUE! | BL22: =IF(AF22=0,"",AF22*$AS22*(AW22/10)) -> #VALUE! | BM22: =IF(AG22=0,"",AG22*$AS22*(AX22/10)) -> #VALUE! | BN22: =IF(AH22=0,"",AH22*$AS22*(AY22/10)) -> #VALUE! | BO22: =IF(AI22=0,"",AI22*$AS22*(AZ22/10)) -> #VALUE! | BP22: =IF(AJ22=0,"",AJ22*$AS22*(BA22/10)) -> #VALUE! | ... BW22: =IF(AQ22=0,"",AQ22*$AS22*(BH22/10)) | BX22: =SUM(BI22:BW22) -> #VALUE! | BY22: =IF(M22="x","1","") -> 1 | BZ22: =IF(N22="x","1","") | CA22: =IF(O22="x","1","") | CB22: =IF(P22="x","1","") | CC22: =IF(Q22="x","1","") -> 1 | CD22: =IF(R22="x","1","") -> 1 | CE22: =IF(S22="x","1","") | CF22: =IF(T22="x","1","") | ... CH22: =IF(V22="x","1","")
A23: =IFERROR(__xludf.DUMMYFUNCTION("""COMPUTED_VALUE"""),"P749") -> P749 | B23: =IFERROR(__xludf.DUMMYFUNCTION("""COMPUTED_VALUE"""),"Terezinha Ferreira Carmo ") -> Terezinha Ferreira Carmo | C23: x | D23: =IFERROR(__xludf.DUMMYFUNCTION("""COMPUTED_VALUE"""),45694) -> 45694 | E23: =IF(ISBLANK(D23),"",TEXT(D23,"MMMM")) -> fevereiro | F23: =IFERROR(__xludf.DUMMYFUNCTION("""COMPUTED_VALUE"""),8) -> 8 | G23: =IFERROR(__xludf.DUMMYFUNCTION("""COMPUTED_VALUE"""),560) -> 560 | H23: =IF(ISBLANK(G23),"",F23*G23/1000) -> 4.48 | I23: =IF(ISBLANK(F23),"",IF(H23<5,200,IF(H23<10,300,IF(H23<20,500,IF(H23<30,750,IF(H23<50,1000,IF(H23<75,1500,IF(H23>75,2000)))))))) -> 200 | J23: =IFERROR(__xludf.DUMMYFUNCTION("""COMPUTED_VALUE"""),95.5555555555555) -> 95.555556 | K23: FALSE | L23: =IF(K23=TRUE(),0,IF(C23="x",IF(ISBLANK(A23),"", I23*(J23/100)),"PENDENTE")) -> 191.11111 | O23: =IFERROR(__xludf.DUMMYFUNCTION("""COMPUTED_VALUE"""),"x") -> x | P23: =IFERROR(__xludf.DUMMYFUNCTION("""COMPUTED_VALUE"""),"x") -> x | Q23: =IFERROR(__xludf.DUMMYFUNCTION("""COMPUTED_VALUE"""),"x") -> x | R23: =IFERROR(__xludf.DUMMYFUNCTION("""COMPUTED_VALUE"""),"x") -> x | S23: =IFERROR(__xludf.DUMMYFUNCTION("""COMPUTED_VALUE"""),"x") -> x | T23: =IFERROR(__xludf.DUMMYFUNCTION("""COMPUTED_VALUE"""),"x") -> x | Z23: x | AA23: x | AB23: =COUNTA(M23:Y23) -> 6 | AC23: =IF(M23="x",M$1000*1,"")*BY23 -> #VALUE! | AD23: =IF(N23="x",N$1000*1,"")*BZ23 -> #VALUE! | AE23: =IF(O23="x",O$1000*1,"")*CA23 -> 1 | AF23: =IF(P23="x",P$1000*1,"")*CB23 -> 1.2 | AG23: =IF(Q23="x",Q$1000*1,"")*CC23 -> 1 | AH23: =IF(R23="x",R$1000*1,"")*CD23 -> 1 | AI23: =IF(S23="x",S$1000*1,"")*CE23 -> 1.1 | AJ23: =IF(T23="x",T$1000*1,"")*CF23 -> 1 | ... AQ23: =IF(AA23="x",AA$1000*1,"")*CM23 -> 0 | AR23: =SUM(AC23:AQ23) -> #VALUE! | AS23: =IFERROR(L23/AR23,"") | AT23: =IFERROR(__xludf.DUMMYFUNCTION("""COMPUTED_VALUE"""),10) -> 10 | AU23: =IFERROR(__xludf.DUMMYFUNCTION("""COMPUTED_VALUE"""),9.2) -> 9.2 | AV23: =IFERROR(__xludf.DUMMYFUNCTION("""COMPUTED_VALUE"""),9.25) -> 9.25 | AW23: =IFERROR(__xludf.DUMMYFUNCTION("""COMPUTED_VALUE"""),9.4) -> 9.4 | AX23: =IFERROR(__xludf.DUMMYFUNCTION("""COMPUTED_VALUE"""),9.4) -> 9.4 | AY23: =IFERROR(__xludf.DUMMYFUNCTION("""COMPUTED_VALUE"""),10) -> 10 | AZ23: =IFERROR(__xludf.DUMMYFUNCTION("""COMPUTED_VALUE"""),10) -> 10 | BA23: =IFERROR(__xludf.DUMMYFUNCTION("""COMPUTED_VALUE"""),9.2) -> 9.2 | BB23: =IFERROR(__xludf.DUMMYFUNCTION("""COMPUTED_VALUE"""),"") | BC23: =IFERROR(__xludf.DUMMYFUNCTION("""COMPUTED_VALUE"""),"") | BD23: =IFERROR(__xludf.DUMMYFUNCTION("""COMPUTED_VALUE"""),"") | BF23: =IFERROR(__xludf.DUMMYFUNCTION("""COMPUTED_VALUE"""),"") | BG23: =IFERROR(__xludf.DUMMYFUNCTION("""COMPUTED_VALUE"""),10) -> 10 | BH23: =IFERROR(__xludf.DUMMYFUNCTION("""COMPUTED_VALUE"""),10) -> 10 | BI23: =IF(AC23=0,"",AC23*$AS23*(AT23/10)) -> #VALUE! | BJ23: =IF(AD23=0,"",AD23*$AS23*(AU23/10)) -> #VALUE! | BK23: =IF(AE23=0,"",AE23*$AS23*(AV23/10)) -> #VALUE! | BL23: =IF(AF23=0,"",AF23*$AS23*(AW23/10)) -> #VALUE! | BM23: =IF(AG23=0,"",AG23*$AS23*(AX23/10)) -> #VALUE! | BN23: =IF(AH23=0,"",AH23*$AS23*(AY23/10)) -> #VALUE! | BO23: =IF(AI23=0,"",AI23*$AS23*(AZ23/10)) -> #VALUE! | BP23: =IF(AJ23=0,"",AJ23*$AS23*(BA23/10)) -> #VALUE! | ... BW23: =IF(AQ23=0,"",AQ23*$AS23*(BH23/10)) | BX23: =SUM(BI23:BW23) -> #VALUE! | BY23: =IF(M23="x","1","") | BZ23: =IF(N23="x","1","") | CA23: =IF(O23="x","1","") -> 1 | CB23: =IF(P23="x","1","") -> 1 | CC23: =IF(Q23="x","1","") -> 1 | CD23: =IF(R23="x","1","") -> 1 | CE23: =IF(S23="x","1","") -> 1 | CF23: =IF(T23="x","1","") -> 1 | ... CH23: =IF(V23="x","1","")
A24: =IFERROR(__xludf.DUMMYFUNCTION("""COMPUTED_VALUE"""),"P783") -> P783 | B24: =IFERROR(__xludf.DUMMYFUNCTION("""COMPUTED_VALUE"""),"Ataídes da Silva Filho") -> Ataídes da Silva Filho | C24: x | D24: =IFERROR(__xludf.DUMMYFUNCTION("""COMPUTED_VALUE"""),45699) -> 45699 | E24: =IF(ISBLANK(D24),"",TEXT(D24,"MMMM")) -> fevereiro | F24: =IFERROR(__xludf.DUMMYFUNCTION("""COMPUTED_VALUE"""),7) -> 7 | G24: =IFERROR(__xludf.DUMMYFUNCTION("""COMPUTED_VALUE"""),600) -> 600 | H24: =IF(ISBLANK(G24),"",F24*G24/1000) -> 4.2 | I24: =IF(ISBLANK(F24),"",IF(H24<5,200,IF(H24<10,300,IF(H24<20,500,IF(H24<30,750,IF(H24<50,1000,IF(H24<75,1500,IF(H24>75,2000)))))))) -> 200 | J24: =IFERROR(__xludf.DUMMYFUNCTION("""COMPUTED_VALUE"""),99.3086419753086) -> 99.308642 | K24: FALSE | L24: =IF(K24=TRUE(),0,IF(C24="x",IF(ISBLANK(A24),"", I24*(J24/100)),"PENDENTE")) -> 198.61728 | M24: =IFERROR(__xludf.DUMMYFUNCTION("""COMPUTED_VALUE"""),"x") -> x | Q24: =IFERROR(__xludf.DUMMYFUNCTION("""COMPUTED_VALUE"""),"x") -> x | R24: =IFERROR(__xludf.DUMMYFUNCTION("""COMPUTED_VALUE"""),"x") -> x | S24: =IFERROR(__xludf.DUMMYFUNCTION("""COMPUTED_VALUE"""),"x") -> x | Z24: x | AA24: x | AB24: =COUNTA(M24:Y24) -> 4 | AC24: =IF(M24="x",M$1000*1,"")*BY24 -> 1.2 | AD24: =IF(N24="x",N$1000*1,"")*BZ24 -> #VALUE! | AE24: =IF(O24="x",O$1000*1,"")*CA24 -> #VALUE! | AF24: =IF(P24="x",P$1000*1,"")*CB24 -> #VALUE! | AG24: =IF(Q24="x",Q$1000*1,"")*CC24 -> 1 | AH24: =IF(R24="x",R$1000*1,"")*CD24 -> 1 | AI24: =IF(S24="x",S$1000*1,"")*CE24 -> 1.1 | AJ24: =IF(T24="x",T$1000*1,"")*CF24 -> #VALUE! | ... AQ24: =IF(AA24="x",AA$1000*1,"")*CM24 -> 0 | AR24: =SUM(AC24:AQ24) -> #VALUE! | AS24: =IFERROR(L24/AR24,"") | AT24: =IFERROR(__xludf.DUMMYFUNCTION("""COMPUTED_VALUE"""),10) -> 10 | AU24: =IFERROR(__xludf.DUMMYFUNCTION("""COMPUTED_VALUE"""),"") | AV24: =IFERROR(__xludf.DUMMYFUNCTION("""COMPUTED_VALUE"""),"") | AW24: =IFERROR(__xludf.DUMMYFUNCTION("""COMPUTED_VALUE"""),"") | AX24: =IFERROR(__xludf.DUMMYFUNCTION("""COMPUTED_VALUE"""),9.5) -> 9.5 | AY24: =IFERROR(__xludf.DUMMYFUNCTION("""COMPUTED_VALUE"""),8.66666666666666) -> 8.6666667 | AZ24: =IFERROR(__xludf.DUMMYFUNCTION("""COMPUTED_VALUE"""),9.66666666666666) -> 9.6666667 | BA24: =IFERROR(__xludf.DUMMYFUNCTION("""COMPUTED_VALUE"""),"") | BB24: =IFERROR(__xludf.DUMMYFUNCTION("""COMPUTED_VALUE"""),"") | BC24: =IFERROR(__xludf.DUMMYFUNCTION("""COMPUTED_VALUE"""),"") | BD24: =IFERROR(__xludf.DUMMYFUNCTION("""COMPUTED_VALUE"""),"") | BF24: =IFERROR(__xludf.DUMMYFUNCTION("""COMPUTED_VALUE"""),"") | BG24: =IFERROR(__xludf.DUMMYFUNCTION("""COMPUTED_VALUE"""),10) -> 10 | BH24: =IFERROR(__xludf.DUMMYFUNCTION("""COMPUTED_VALUE"""),10) -> 10 | BI24: =IF(AC24=0,"",AC24*$AS24*(AT24/10)) -> #VALUE! | BJ24: =IF(AD24=0,"",AD24*$AS24*(AU24/10)) -> #VALUE! | BK24: =IF(AE24=0,"",AE24*$AS24*(AV24/10)) -> #VALUE! | BL24: =IF(AF24=0,"",AF24*$AS24*(AW24/10)) -> #VALUE! | BM24: =IF(AG24=0,"",AG24*$AS24*(AX24/10)) -> #VALUE! | BN24: =IF(AH24=0,"",AH24*$AS24*(AY24/10)) -> #VALUE! | BO24: =IF(AI24=0,"",AI24*$AS24*(AZ24/10)) -> #VALUE! | BP24: =IF(AJ24=0,"",AJ24*$AS24*(BA24/10)) -> #VALUE! | ... BW24: =IF(AQ24=0,"",AQ24*$AS24*(BH24/10)) | BX24: =SUM(BI24:BW24) -> #VALUE! | BY24: =IF(M24="x","1","") -> 1 | BZ24: =IF(N24="x","1","") | CA24: =IF(O24="x","1","") | CB24: =IF(P24="x","1","") | CC24: =IF(Q24="x","1","") -> 1 | CD24: =IF(R24="x","1","") -> 1 | CE24: =IF(S24="x","1","") -> 1 | CF24: =IF(T24="x","1","") | ... CH24: =IF(V24="x","1","")
A25: =IFERROR(__xludf.DUMMYFUNCTION("""COMPUTED_VALUE"""),"P794") -> P794 | B25: =IFERROR(__xludf.DUMMYFUNCTION("""COMPUTED_VALUE"""),"Shirley Fabiane de Paula") -> Shirley Fabiane de Paula | C25: x | D25: =IFERROR(__xludf.DUMMYFUNCTION("""COMPUTED_VALUE"""),45695) -> 45695 | E25: =IF(ISBLANK(D25),"",TEXT(D25,"MMMM")) -> fevereiro | F25: =IFERROR(__xludf.DUMMYFUNCTION("""COMPUTED_VALUE"""),8) -> 8 | G25: =IFERROR(__xludf.DUMMYFUNCTION("""COMPUTED_VALUE"""),600) -> 600 | H25: =IF(ISBLANK(G25),"",F25*G25/1000) -> 4.8 | I25: =IF(ISBLANK(F25),"",IF(H25<5,200,IF(H25<10,300,IF(H25<20,500,IF(H25<30,750,IF(H25<50,1000,IF(H25<75,1500,IF(H25>75,2000)))))))) -> 200 | J25: =IFERROR(__xludf.DUMMYFUNCTION("""COMPUTED_VALUE"""),88.6049382716049) -> 88.604938 | K25: FALSE | L25: =IF(K25=TRUE(),0,IF(C25="x",IF(ISBLANK(A25),"", I25*(J25/100)),"PENDENTE")) -> 177.20988 | O25: =IFERROR(__xludf.DUMMYFUNCTION("""COMPUTED_VALUE"""),"x") -> x | P25: =IFERROR(__xludf.DUMMYFUNCTION("""COMPUTED_VALUE"""),"x") -> x | T25: =IFERROR(__xludf.DUMMYFUNCTION("""COMPUTED_VALUE"""),"x") -> x | Z25: x | AA25: x | AB25: =COUNTA(M25:Y25) -> 3 | AC25: =IF(M25="x",M$1000*1,"")*BY25 -> #VALUE! | AD25: =IF(N25="x",N$1000*1,"")*BZ25 -> #VALUE! | AE25: =IF(O25="x",O$1000*1,"")*CA25 -> 1 | AF25: =IF(P25="x",P$1000*1,"")*CB25 -> 1.2 | AG25: =IF(Q25="x",Q$1000*1,"")*CC25 -> #VALUE! | AH25: =IF(R25="x",R$1000*1,"")*CD25 -> #VALUE! | AI25: =IF(S25="x",S$1000*1,"")*CE25 -> #VALUE! | AJ25: =IF(T25="x",T$1000*1,"")*CF25 -> 1 | ... AQ25: =IF(AA25="x",AA$1000*1,"")*CM25 -> 0 | AR25: =SUM(AC25:AQ25) -> #VALUE! | AS25: =IFERROR(L25/AR25,"") | AT25: =IFERROR(__xludf.DUMMYFUNCTION("""COMPUTED_VALUE"""),"") | AU25: =IFERROR(__xludf.DUMMYFUNCTION("""COMPUTED_VALUE"""),10) -> 10 | AV25: =IFERROR(__xludf.DUMMYFUNCTION("""COMPUTED_VALUE"""),10) -> 10 | AW25: =IFERROR(__xludf.DUMMYFUNCTION("""COMPUTED_VALUE"""),10) -> 10 | AX25: =IFERROR(__xludf.DUMMYFUNCTION("""COMPUTED_VALUE"""),10) -> 10 | AY25: =IFERROR(__xludf.DUMMYFUNCTION("""COMPUTED_VALUE"""),"") | AZ25: =IFERROR(__xludf.DUMMYFUNCTION("""COMPUTED_VALUE"""),"") | BA25: =IFERROR(__xludf.DUMMYFUNCTION("""COMPUTED_VALUE"""),10) -> 10 | BB25: =IFERROR(__xludf.DUMMYFUNCTION("""COMPUTED_VALUE"""),"") | BC25: =IFERROR(__xludf.DUMMYFUNCTION("""COMPUTED_VALUE"""),"") | BD25: =IFERROR(__xludf.DUMMYFUNCTION("""COMPUTED_VALUE"""),"") | BF25: =IFERROR(__xludf.DUMMYFUNCTION("""COMPUTED_VALUE"""),"") | BG25: =IFERROR(__xludf.DUMMYFUNCTION("""COMPUTED_VALUE"""),10) -> 10 | BH25: =IFERROR(__xludf.DUMMYFUNCTION("""COMPUTED_VALUE"""),10) -> 10 | BI25: =IF(AC25=0,"",AC25*$AS25*(AT25/10)) -> #VALUE! | BJ25: =IF(AD25=0,"",AD25*$AS25*(AU25/10)) -> #VALUE! | BK25: =IF(AE25=0,"",AE25*$AS25*(AV25/10)) -> #VALUE! | BL25: =IF(AF25=0,"",AF25*$AS25*(AW25/10)) -> #VALUE! | BM25: =IF(AG25=0,"",AG25*$AS25*(AX25/10)) -> #VALUE! | BN25: =IF(AH25=0,"",AH25*$AS25*(AY25/10)) -> #VALUE! | BO25: =IF(AI25=0,"",AI25*$AS25*(AZ25/10)) -> #VALUE! | BP25: =IF(AJ25=0,"",AJ25*$AS25*(BA25/10)) -> #VALUE! | ... BW25: =IF(AQ25=0,"",AQ25*$AS25*(BH25/10)) | BX25: =SUM(BI25:BW25) -> #VALUE! | BY25: =IF(M25="x","1","") | BZ25: =IF(N25="x","1","") | CA25: =IF(O25="x","1","") -> 1 | CB25: =IF(P25="x","1","") -> 1 | CC25: =IF(Q25="x","1","") | CD25: =IF(R25="x","1","") | CE25: =IF(S25="x","1","") | CF25: =IF(T25="x","1","") -> 1 | ... CH25: =IF(V25="x","1","")
A26: =IFERROR(__xludf.DUMMYFUNCTION("""COMPUTED_VALUE"""),"P773") -> P773 | B26: =IFERROR(__xludf.DUMMYFUNCTION("""COMPUTED_VALUE"""),"Edgar de Oliveira Rocha") -> Edgar de Oliveira Rocha | C26: x | D26: =IFERROR(__xludf.DUMMYFUNCTION("""COMPUTED_VALUE"""),45692) -> 45692 | E26: =IF(ISBLANK(D26),"",TEXT(D26,"MMMM")) -> fevereiro | F26: =IFERROR(__xludf.DUMMYFUNCTION("""COMPUTED_VALUE"""),13) -> 13 | G26: =IFERROR(__xludf.DUMMYFUNCTION("""COMPUTED_VALUE"""),600) -> 600 | H26: =IF(ISBLANK(G26),"",F26*G26/1000) -> 7.8 | I26: =IF(ISBLANK(F26),"",IF(H26<5,200,IF(H26<10,300,IF(H26<20,500,IF(H26<30,750,IF(H26<50,1000,IF(H26<75,1500,IF(H26>75,2000)))))))) -> 300 | J26: =IFERROR(__xludf.DUMMYFUNCTION("""COMPUTED_VALUE"""),94.0833333333333) -> 94.083333 | K26: FALSE | L26: =IF(K26=TRUE(),0,IF(C26="x",IF(ISBLANK(A26),"", I26*(J26/100)),"PENDENTE")) -> 282.25 | O26: =IFERROR(__xludf.DUMMYFUNCTION("""COMPUTED_VALUE"""),"x") -> x | P26: =IFERROR(__xludf.DUMMYFUNCTION("""COMPUTED_VALUE"""),"x") -> x | S26: =IFERROR(__xludf.DUMMYFUNCTION("""COMPUTED_VALUE"""),"x") -> x | T26: =IFERROR(__xludf.DUMMYFUNCTION("""COMPUTED_VALUE"""),"x") -> x | Z26: x | AA26: x | AB26: =COUNTA(M26:Y26) -> 4 | AC26: =IF(M26="x",M$1000*1,"")*BY26 -> #VALUE! | AD26: =IF(N26="x",N$1000*1,"")*BZ26 -> #VALUE! | AE26: =IF(O26="x",O$1000*1,"")*CA26 -> 1 | AF26: =IF(P26="x",P$1000*1,"")*CB26 -> 1.2 | AG26: =IF(Q26="x",Q$1000*1,"")*CC26 -> #VALUE! | AH26: =IF(R26="x",R$1000*1,"")*CD26 -> #VALUE! | AI26: =IF(S26="x",S$1000*1,"")*CE26 -> 1.1 | AJ26: =IF(T26="x",T$1000*1,"")*CF26 -> 1 | ... AQ26: =IF(AA26="x",AA$1000*1,"")*CM26 -> 0 | AR26: =SUM(AC26:AQ26) -> #VALUE! | AS26: =IFERROR(L26/AR26,"") | AT26: =IFERROR(__xludf.DUMMYFUNCTION("""COMPUTED_VALUE"""),10) -> 10 | AU26: =IFERROR(__xludf.DUMMYFUNCTION("""COMPUTED_VALUE"""),"") | AV26: =IFERROR(__xludf.DUMMYFUNCTION("""COMPUTED_VALUE"""),10) -> 10 | AW26: =IFERROR(__xludf.DUMMYFUNCTION("""COMPUTED_VALUE"""),10) -> 10 | AX26: =IFERROR(__xludf.DUMMYFUNCTION("""COMPUTED_VALUE"""),10) -> 10 | AY26: =IFERROR(__xludf.DUMMYFUNCTION("""COMPUTED_VALUE"""),"") | AZ26: =IFERROR(__xludf.DUMMYFUNCTION("""COMPUTED_VALUE"""),10) -> 10 | BA26: =IFERROR(__xludf.DUMMYFUNCTION("""COMPUTED_VALUE"""),9.66666666666666) -> 9.6666667 | BB26: =IFERROR(__xludf.DUMMYFUNCTION("""COMPUTED_VALUE"""),"") | BC26: =IFERROR(__xludf.DUMMYFUNCTION("""COMPUTED_VALUE"""),"") | BD26: =IFERROR(__xludf.DUMMYFUNCTION("""COMPUTED_VALUE"""),"") | BF26: =IFERROR(__xludf.DUMMYFUNCTION("""COMPUTED_VALUE"""),"") | BG26: =IFERROR(__xludf.DUMMYFUNCTION("""COMPUTED_VALUE"""),10) -> 10 | BH26: =IFERROR(__xludf.DUMMYFUNCTION("""COMPUTED_VALUE"""),10) -> 10 | BI26: =IF(AC26=0,"",AC26*$AS26*(AT26/10)) -> #VALUE! | BJ26: =IF(AD26=0,"",AD26*$AS26*(AU26/10)) -> #VALUE! | BK26: =IF(AE26=0,"",AE26*$AS26*(AV26/10)) -> #VALUE! | BL26: =IF(AF26=0,"",AF26*$AS26*(AW26/10)) -> #VALUE! | BM26: =IF(AG26=0,"",AG26*$AS26*(AX26/10)) -> #VALUE! | BN26: =IF(AH26=0,"",AH26*$AS26*(AY26/10)) -> #VALUE! | BO26: =IF(AI26=0,"",AI26*$AS26*(AZ26/10)) -> #VALUE! | BP26: =IF(AJ26=0,"",AJ26*$AS26*(BA26/10)) -> #VALUE! | ... BW26: =IF(AQ26=0,"",AQ26*$AS26*(BH26/10)) | BX26: =SUM(BI26:BW26) -> #VALUE! | BY26: =IF(M26="x","1","") | BZ26: =IF(N26="x","1","") | CA26: =IF(O26="x","1","") -> 1 | CB26: =IF(P26="x","1","") -> 1 | CC26: =IF(Q26="x","1","") | CD26: =IF(R26="x","1","") | CE26: =IF(S26="x","1","") -> 1 | CF26: =IF(T26="x","1","") -> 1 | ... CH26: =IF(V26="x","1","")
A27: =IFERROR(__xludf.DUMMYFUNCTION("""COMPUTED_VALUE"""),"P779") -> P779 | B27: =IFERROR(__xludf.DUMMYFUNCTION("""COMPUTED_VALUE"""),"Alice Ferreira da Silva") -> Alice Ferreira da Silva | C27: x | D27: =IFERROR(__xludf.DUMMYFUNCTION("""COMPUTED_VALUE"""),45694) -> 45694 | E27: =IF(ISBLANK(D27),"",TEXT(D27,"MMMM")) -> fevereiro | F27: =IFERROR(__xludf.DUMMYFUNCTION("""COMPUTED_VALUE"""),16) -> 16 | G27: =IFERROR(__xludf.DUMMYFUNCTION("""COMPUTED_VALUE"""),600) -> 600 | H27: =IF(ISBLANK(G27),"",F27*G27/1000) -> 9.6 | I27: =IF(ISBLANK(F27),"",IF(H27<5,200,IF(H27<10,300,IF(H27<20,500,IF(H27<30,750,IF(H27<50,1000,IF(H27<75,1500,IF(H27>75,2000)))))))) -> 300 | J27: =IFERROR(__xludf.DUMMYFUNCTION("""COMPUTED_VALUE"""),0) -> 0 | K27: FALSE | L27: =IF(K27=TRUE(),0,IF(C27="x",IF(ISBLANK(A27),"", I27*(J27/100)),"PENDENTE")) -> 0 | U27: =IFERROR(__xludf.DUMMYFUNCTION("""COMPUTED_VALUE"""),"x ") -> x | V27: =IFERROR(__xludf.DUMMYFUNCTION("""COMPUTED_VALUE"""),"x") -> x | Z27: x | AA27: x | AB27: =COUNTA(M27:Y27) -> 2 | AC27: =IF(M27="x",M$1000*1,"")*BY27 -> #VALUE! | AD27: =IF(N27="x",N$1000*1,"")*BZ27 -> #VALUE! | AE27: =IF(O27="x",O$1000*1,"")*CA27 -> #VALUE! | AF27: =IF(P27="x",P$1000*1,"")*CB27 -> #VALUE! | AG27: =IF(Q27="x",Q$1000*1,"")*CC27 -> #VALUE! | AH27: =IF(R27="x",R$1000*1,"")*CD27 -> #VALUE! | AI27: =IF(S27="x",S$1000*1,"")*CE27 -> #VALUE! | AJ27: =IF(T27="x",T$1000*1,"")*CF27 -> #VALUE! | ... AQ27: =IF(AA27="x",AA$1000*1,"")*CM27 -> 0 | AR27: =SUM(AC27:AQ27) -> #VALUE! | AS27: =IFERROR(L27/AR27,"") | AT27: =IFERROR(__xludf.DUMMYFUNCTION("""COMPUTED_VALUE"""),8) -> 8 | AU27: =IFERROR(__xludf.DUMMYFUNCTION("""COMPUTED_VALUE"""),"") | AV27: =IFERROR(__xludf.DUMMYFUNCTION("""COMPUTED_VALUE"""),"") | AW27: =IFERROR(__xludf.DUMMYFUNCTION("""COMPUTED_VALUE"""),"") | AX27: =IFERROR(__xludf.DUMMYFUNCTION("""COMPUTED_VALUE"""),"") | AY27: =IFERROR(__xludf.DUMMYFUNCTION("""COMPUTED_VALUE"""),"") | AZ27: =IFERROR(__xludf.DUMMYFUNCTION("""COMPUTED_VALUE"""),"") | BA27: =IFERROR(__xludf.DUMMYFUNCTION("""COMPUTED_VALUE"""),"") | BB27: =IFERROR(__xludf.DUMMYFUNCTION("""COMPUTED_VALUE"""),10) -> 10 | BC27: =IFERROR(__xludf.DUMMYFUNCTION("""COMPUTED_VALUE"""),10) -> 10 | BD27: =IFERROR(__xludf.DUMMYFUNCTION("""COMPUTED_VALUE"""),"") | BF27: =IFERROR(__xludf.DUMMYFUNCTION("""COMPUTED_VALUE"""),"") | BG27: =IFERROR(__xludf.DUMMYFUNCTION("""COMPUTED_VALUE"""),10) -> 10 | BH27: =IFERROR(__xludf.DUMMYFUNCTION("""COMPUTED_VALUE"""),10) -> 10 | BI27: =IF(AC27=0,"",AC27*$AS27*(AT27/10)) -> #VALUE! | BJ27: =IF(AD27=0,"",AD27*$AS27*(AU27/10)) -> #VALUE! | BK27: =IF(AE27=0,"",AE27*$AS27*(AV27/10)) -> #VALUE! | BL27: =IF(AF27=0,"",AF27*$AS27*(AW27/10)) -> #VALUE! | BM27: =IF(AG27=0,"",AG27*$AS27*(AX27/10)) -> #VALUE! | BN27: =IF(AH27=0,"",AH27*$AS27*(AY27/10)) -> #VALUE! | BO27: =IF(AI27=0,"",AI27*$AS27*(AZ27/10)) -> #VALUE! | BP27: =IF(AJ27=0,"",AJ27*$AS27*(BA27/10)) -> #VALUE! | ... BW27: =IF(AQ27=0,"",AQ27*$AS27*(BH27/10)) | BX27: =SUM(BI27:BW27) -> #VALUE! | BY27: =IF(M27="x","1","") | BZ27: =IF(N27="x","1","") | CA27: =IF(O27="x","1","") | CB27: =IF(P27="x","1","") | CC27: =IF(Q27="x","1","") | CD27: =IF(R27="x","1","") | CE27: =IF(S27="x","1","") | CF27: =IF(T27="x","1","") | ... CH27: =IF(V27="x","1","") -> 1
A28: =IFERROR(__xludf.DUMMYFUNCTION("""COMPUTED_VALUE"""),"P82") -> P82 | B28: =IFERROR(__xludf.DUMMYFUNCTION("""COMPUTED_VALUE"""),"Oseir Figueiredo") -> Oseir Figueiredo | C28: x | D28: =IFERROR(__xludf.DUMMYFUNCTION("""COMPUTED_VALUE"""),45701) -> 45701 | E28: Março | F28: =IFERROR(__xludf.DUMMYFUNCTION("""COMPUTED_VALUE"""),4) -> 4 | G28: =IFERROR(__xludf.DUMMYFUNCTION("""COMPUTED_VALUE"""),405) -> 405 | H28: =IF(ISBLANK(G28),"",F28*G28/1000) -> 1.62 | I28: =IF(ISBLANK(F28),"",IF(H28<5,200,IF(H28<10,300,IF(H28<20,500,IF(H28<30,750,IF(H28<50,1000,IF(H28<75,1500,IF(H28>75,2000)))))))) -> 200 | J28: =IFERROR(__xludf.DUMMYFUNCTION("""COMPUTED_VALUE"""),50) -> 50 | K28: FALSE | L28: =IF(K28=TRUE(),0,IF(C28="x",IF(ISBLANK(A28),"", I28*(J28/100)),"PENDENTE")) -> 100 | U28: =IFERROR(__xludf.DUMMYFUNCTION("""COMPUTED_VALUE"""),"x") -> x | V28: =IFERROR(__xludf.DUMMYFUNCTION("""COMPUTED_VALUE"""),"x") -> x | Z28: x | AA28: x | AB28: =COUNTA(M28:Y28) -> 2 | AC28: =IF(M28="x",M$1000*1,"")*BY28 -> #VALUE! | AD28: =IF(N28="x",N$1000*1,"")*BZ28 -> #VALUE! | AE28: =IF(O28="x",O$1000*1,"")*CA28 -> #VALUE! | AF28: =IF(P28="x",P$1000*1,"")*CB28 -> #VALUE! | AG28: =IF(Q28="x",Q$1000*1,"")*CC28 -> #VALUE! | AH28: =IF(R28="x",R$1000*1,"")*CD28 -> #VALUE! | AI28: =IF(S28="x",S$1000*1,"")*CE28 -> #VALUE! | AJ28: =IF(T28="x",T$1000*1,"")*CF28 -> #VALUE! | ... AQ28: =IF(AA28="x",AA$1000*1,"")*CM28 -> 0 | AR28: =SUM(AC28:AQ28) -> #VALUE! | AS28: =IFERROR(L28/AR28,"") | AT28: =IFERROR(__xludf.DUMMYFUNCTION("""COMPUTED_VALUE"""),"") | AU28: =IFERROR(__xludf.DUMMYFUNCTION("""COMPUTED_VALUE"""),"") | AV28: =IFERROR(__xludf.DUMMYFUNCTION("""COMPUTED_VALUE"""),"") | AW28: =IFERROR(__xludf.DUMMYFUNCTION("""COMPUTED_VALUE"""),"") | AX28: =IFERROR(__xludf.DUMMYFUNCTION("""COMPUTED_VALUE"""),"") | AY28: =IFERROR(__xludf.DUMMYFUNCTION("""COMPUTED_VALUE"""),"") | AZ28: =IFERROR(__xludf.DUMMYFUNCTION("""COMPUTED_VALUE"""),"") | BA28: =IFERROR(__xludf.DUMMYFUNCTION("""COMPUTED_VALUE"""),"") | BB28: =IFERROR(__xludf.DUMMYFUNCTION("""COMPUTED_VALUE"""),10) -> 10 | BC28: =IFERROR(__xludf.DUMMYFUNCTION("""COMPUTED_VALUE"""),10) -> 10 | BD28: =IFERROR(__xludf.DUMMYFUNCTION("""COMPUTED_VALUE"""),"") | BF28: =IFERROR(__xludf.DUMMYFUNCTION("""COMPUTED_VALUE"""),"") | BG28: =IFERROR(__xludf.DUMMYFUNCTION("""COMPUTED_VALUE"""),10) -> 10 | BH28: =IFERROR(__xludf.DUMMYFUNCTION("""COMPUTED_VALUE"""),10) -> 10 | BI28: =IF(AC28=0,"",AC28*$AS28*(AT28/10)) -> #VALUE! | BJ28: =IF(AD28=0,"",AD28*$AS28*(AU28/10)) -> #VALUE! | BK28: =IF(AE28=0,"",AE28*$AS28*(AV28/10)) -> #VALUE! | BL28: =IF(AF28=0,"",AF28*$AS28*(AW28/10)) -> #VALUE! | BM28: =IF(AG28=0,"",AG28*$AS28*(AX28/10)) -> #VALUE! | BN28: =IF(AH28=0,"",AH28*$AS28*(AY28/10)) -> #VALUE! | BO28: =IF(AI28=0,"",AI28*$AS28*(AZ28/10)) -> #VALUE! | BP28: =IF(AJ28=0,"",AJ28*$AS28*(BA28/10)) -> #VALUE! | ... BW28: =IF(AQ28=0,"",AQ28*$AS28*(BH28/10)) | BX28: =SUM(BI28:BW28) -> #VALUE! | BY28: =IF(M28="x","1","") | BZ28: =IF(N28="x","1","") | CA28: =IF(O28="x","1","") | CB28: =IF(P28="x","1","") | CC28: =IF(Q28="x","1","") | CD28: =IF(R28="x","1","") | CE28: =IF(S28="x","1","") | CF28: =IF(T28="x","1","") | ... CH28: =IF(V28="x","1","") -> 1
A29: =IFERROR(__xludf.DUMMYFUNCTION("""COMPUTED_VALUE"""),"P378-II") -> P378-II | B29: =IFERROR(__xludf.DUMMYFUNCTION("""COMPUTED_VALUE"""),"Rogério Cezer") -> Rogério Cezer | D29: =IFERROR(__xludf.DUMMYFUNCTION("""COMPUTED_VALUE"""),45641) -> 45641 | E29: =IF(ISBLANK(D29),"",TEXT(D29,"MMMM")) -> dezembro | H29: =IF(ISBLANK(G29),"",F29*G29/1000) | I29: =IF(ISBLANK(F29),"",IF(H29<5,200,IF(H29<10,300,IF(H29<20,500,IF(H29<30,750,IF(H29<50,1000,IF(H29<75,1500,IF(H29>75,2000)))))))) | J29: =IFERROR(__xludf.DUMMYFUNCTION("""COMPUTED_VALUE"""),63) -> 63 | K29: FALSE | L29: =IF(K29=TRUE(),0,IF(C29="x",IF(ISBLANK(A29),"", I29*(J29/100)),"PENDENTE")) -> PENDENTE | M29: =IFERROR(__xludf.DUMMYFUNCTION("""COMPUTED_VALUE"""),"x") -> x | O29: =IFERROR(__xludf.DUMMYFUNCTION("""COMPUTED_VALUE"""),"x") -> x | Q29: =IFERROR(__xludf.DUMMYFUNCTION("""COMPUTED_VALUE"""),"x") -> x | R29: =IFERROR(__xludf.DUMMYFUNCTION("""COMPUTED_VALUE"""),"x") -> x | S29: =IFERROR(__xludf.DUMMYFUNCTION("""COMPUTED_VALUE"""),"x") -> x | T29: =IFERROR(__xludf.DUMMYFUNCTION("""COMPUTED_VALUE"""),"x") -> x | U29: =IFERROR(__xludf.DUMMYFUNCTION("""COMPUTED_VALUE"""),"x") -> x | Z29: x | AA29: x | AB29: =COUNTA(M29:Y29) -> 7 | AC29: =IF(M29="x",M$1000*1,"")*BY29 -> 1.2 | AD29: =IF(N29="x",N$1000*1,"")*BZ29 -> #VALUE! | AE29: =IF(O29="x",O$1000*1,"")*CA29 -> 1 | AF29: =IF(P29="x",P$1000*1,"")*CB29 -> #VALUE! | AG29: =IF(Q29="x",Q$1000*1,"")*CC29 -> 1 | AH29: =IF(R29="x",R$1000*1,"")*CD29 -> 1 | AI29: =IF(S29="x",S$1000*1,"")*CE29 -> 1.1 | AJ29: =IF(T29="x",T$1000*1,"")*CF29 -> 1 | ... AQ29: =IF(AA29="x",AA$1000*1,"")*CM29 -> 0 | AR29: =SUM(AC29:AQ29) -> #VALUE! | AS29: =IFERROR(L29/AR29,"") | AT29: =IFERROR(__xludf.DUMMYFUNCTION("""COMPUTED_VALUE"""),9.66666666666666) -> 9.6666667 | AU29: =IFERROR(__xludf.DUMMYFUNCTION("""COMPUTED_VALUE"""),9.5) -> 9.5 | AV29: =IFERROR(__xludf.DUMMYFUNCTION("""COMPUTED_VALUE"""),9.5) -> 9.5 | AW29: =IFERROR(__xludf.DUMMYFUNCTION("""COMPUTED_VALUE"""),10) -> 10 | AX29: =IFERROR(__xludf.DUMMYFUNCTION("""COMPUTED_VALUE"""),9.25) -> 9.25 | AY29: =IFERROR(__xludf.DUMMYFUNCTION("""COMPUTED_VALUE"""),9.66666666666666) -> 9.6666667 | AZ29: =IFERROR(__xludf.DUMMYFUNCTION("""COMPUTED_VALUE"""),9.66666666666666) -> 9.6666667 | BA29: =IFERROR(__xludf.DUMMYFUNCTION("""COMPUTED_VALUE"""),8.5) -> 8.5 | BB29: =IFERROR(__xludf.DUMMYFUNCTION("""COMPUTED_VALUE"""),9.2) -> 9.2 | BC29: =IFERROR(__xludf.DUMMYFUNCTION("""COMPUTED_VALUE"""),10) -> 10 | BD29: =IFERROR(__xludf.DUMMYFUNCTION("""COMPUTED_VALUE"""),"") | BF29: =IFERROR(__xludf.DUMMYFUNCTION("""COMPUTED_VALUE"""),"") | BG29: =IFERROR(__xludf.DUMMYFUNCTION("""COMPUTED_VALUE"""),9.33333333333333) -> 9.3333333 | BH29: =IFERROR(__xludf.DUMMYFUNCTION("""COMPUTED_VALUE"""),9.14285714285714) -> 9.1428571 | BI29: =IF(AC29=0,"",AC29*$AS29*(AT29/10)) -> #VALUE! | BJ29: =IF(AD29=0,"",AD29*$AS29*(AU29/10)) -> #VALUE! | BK29: =IF(AE29=0,"",AE29*$AS29*(AV29/10)) -> #VALUE! | BL29: =IF(AF29=0,"",AF29*$AS29*(AW29/10)) -> #VALUE! | BM29: =IF(AG29=0,"",AG29*$AS29*(AX29/10)) -> #VALUE! | BN29: =IF(AH29=0,"",AH29*$AS29*(AY29/10)) -> #VALUE! | BO29: =IF(AI29=0,"",AI29*$AS29*(AZ29/10)) -> #VALUE! | BP29: =IF(AJ29=0,"",AJ29*$AS29*(BA29/10)) -> #VALUE! | ... BW29: =IF(AQ29=0,"",AQ29*$AS29*(BH29/10)) | BX29: =SUM(BI29:BW29) -> #VALUE! | BY29: =IF(M29="x","1","") -> 1 | BZ29: =IF(N29="x","1","") | CA29: =IF(O29="x","1","") -> 1 | CB29: =IF(P29="x","1","") | CC29: =IF(Q29="x","1","") -> 1 | CD29: =IF(R29="x","1","") -> 1 | CE29: =IF(S29="x","1","") -> 1 | CF29: =IF(T29="x","1","") -> 1 | ... CH29: =IF(V29="x","1","")
A30: =IFERROR(__xludf.DUMMYFUNCTION("""COMPUTED_VALUE"""),"P740") -> P740 | B30: =IFERROR(__xludf.DUMMYFUNCTION("""COMPUTED_VALUE"""),"Barrigão III") -> Barrigão III | C30: x | D30: =IFERROR(__xludf.DUMMYFUNCTION("""COMPUTED_VALUE"""),45702) -> 45702 | F30: =IFERROR(__xludf.DUMMYFUNCTION("""COMPUTED_VALUE"""),22) -> 22 | G30: =IFERROR(__xludf.DUMMYFUNCTION("""COMPUTED_VALUE"""),600) -> 600 | J30: =IFERROR(__xludf.DUMMYFUNCTION("""COMPUTED_VALUE"""),96.7777777777777) -> 96.777778 | K30: TRUE | L30: =IF(K30=TRUE(),0,IF(C30="x",IF(ISBLANK(A30),"", I30*(J30/100)),"PENDENTE")) -> 0 | O30: =IFERROR(__xludf.DUMMYFUNCTION("""COMPUTED_VALUE"""),"x") -> x | P30: =IFERROR(__xludf.DUMMYFUNCTION("""COMPUTED_VALUE"""),"x") -> x | T30: =IFERROR(__xludf.DUMMYFUNCTION("""COMPUTED_VALUE"""),"x") -> x | Z30: x | AA30: x | AB30: =COUNTA(M30:Y30) -> 3 | AC30: =IF(M30="x",M$1000*1,"")*BY30 -> #VALUE! | AD30: =IF(N30="x",N$1000*1,"")*BZ30 -> #VALUE! | AE30: =IF(O30="x",O$1000*1,"")*CA30 -> 1 | AF30: =IF(P30="x",P$1000*1,"")*CB30 -> 1.2 | AG30: =IF(Q30="x",Q$1000*1,"")*CC30 -> #VALUE! | AH30: =IF(R30="x",R$1000*1,"")*CD30 -> #VALUE! | AI30: =IF(S30="x",S$1000*1,"")*CE30 -> #VALUE! | AJ30: =IF(T30="x",T$1000*1,"")*CF30 -> 1 | ... AQ30: =IF(AA30="x",AA$1000*1,"")*CM30 -> 0 | AR30: =SUM(AC30:AQ30) -> #VALUE! | AS30: =IFERROR(L30/AR30,"") | AT30: =IFERROR(__xludf.DUMMYFUNCTION("""COMPUTED_VALUE"""),"") | AU30: =IFERROR(__xludf.DUMMYFUNCTION("""COMPUTED_VALUE"""),10) -> 10 | AV30: =IFERROR(__xludf.DUMMYFUNCTION("""COMPUTED_VALUE"""),10) -> 10 | AW30: =IFERROR(__xludf.DUMMYFUNCTION("""COMPUTED_VALUE"""),10) -> 10 | AX30: =IFERROR(__xludf.DUMMYFUNCTION("""COMPUTED_VALUE"""),10) -> 10 | AY30: =IFERROR(__xludf.DUMMYFUNCTION("""COMPUTED_VALUE"""),"") | AZ30: =IFERROR(__xludf.DUMMYFUNCTION("""COMPUTED_VALUE"""),"") | BA30: =IFERROR(__xludf.DUMMYFUNCTION("""COMPUTED_VALUE"""),10) -> 10 | BB30: =IFERROR(__xludf.DUMMYFUNCTION("""COMPUTED_VALUE"""),"") | BC30: =IFERROR(__xludf.DUMMYFUNCTION("""COMPUTED_VALUE"""),"") | BD30: =IFERROR(__xludf.DUMMYFUNCTION("""COMPUTED_VALUE"""),"") | BF30: =IFERROR(__xludf.DUMMYFUNCTION("""COMPUTED_VALUE"""),"") | BG30: =IFERROR(__xludf.DUMMYFUNCTION("""COMPUTED_VALUE"""),9.66666666666666) -> 9.6666667 | BH30: =IFERROR(__xludf.DUMMYFUNCTION("""COMPUTED_VALUE"""),10) -> 10 | BQ30: =IF(AK30=0,"",AK30*$AS30*(BB30/10)) -> #VALUE! | BR30: =IF(AL30=0,"",AL30*$AS30*(BC30/10)) -> #VALUE! | BS30: =IF(AM30=0,"",AM30*$AS30*(BD30/10)) -> #VALUE! | BT30: =IF(AN30=0,"",AN30*$AS30*(BE30/10)) -> #VALUE! | BU30: =IF(AO30=0,"",AO30*$AS30*(BF30/10)) -> #VALUE! | BV30: =IF(AP30=0,"",AP30*$AS30*(BG30/10)) | BW30: =IF(AQ30=0,"",AQ30*$AS30*(BH30/10)) | BX30: =SUM(BI30:BW30) -> #VALUE! | BY30: =IF(M30="x","1","") | BZ30: =IF(N30="x","1","") | CA30: =IF(O30="x","1","") -> 1 | CB30: =IF(P30="x","1","") -> 1 | CC30: =IF(Q30="x","1","") | CD30: =IF(R30="x","1","") | CE30: =IF(S30="x","1","") | CF30: =IF(T30="x","1","") -> 1 | ... CH30: =IF(V30="x","1","")
A31: =IFERROR(__xludf.DUMMYFUNCTION("""COMPUTED_VALUE"""),"P786") -> P786 | B31: =IFERROR(__xludf.DUMMYFUNCTION("""COMPUTED_VALUE"""),"Thais Miguel (Rodoforte)") -> Thais Miguel (Rodoforte) | C31: x | D31: =IFERROR(__xludf.DUMMYFUNCTION("""COMPUTED_VALUE"""),45703) -> 45703 | E31: =IF(ISBLANK(D31),"",TEXT(D31,"MMMM")) -> fevereiro | F31: =IFERROR(__xludf.DUMMYFUNCTION("""COMPUTED_VALUE"""),112) -> 112 | G31: =IFERROR(__xludf.DUMMYFUNCTION("""COMPUTED_VALUE"""),600) -> 600 | H31: =IF(ISBLANK(G31),"",F31*G31/1000) -> 67.2 | I31: =IF(ISBLANK(F31),"",IF(H31<5,200,IF(H31<10,300,IF(H31<20,500,IF(H31<30,750,IF(H31<50,1000,IF(H31<75,1500,IF(H31>75,2000)))))))) -> 1500 | J31: =IFERROR(__xludf.DUMMYFUNCTION("""COMPUTED_VALUE"""),96.7777777777777) -> 96.777778 | K31: FALSE | L31: =IF(K31=TRUE(),0,IF(C31="x",IF(ISBLANK(A31),"", I31*(J31/100)),"PENDENTE")) -> 1451.6667 | M31: =IFERROR(__xludf.DUMMYFUNCTION("""COMPUTED_VALUE"""),"x") -> x | Q31: =IFERROR(__xludf.DUMMYFUNCTION("""COMPUTED_VALUE"""),"x") -> x | R31: =IFERROR(__xludf.DUMMYFUNCTION("""COMPUTED_VALUE"""),"x") -> x | S31: =IFERROR(__xludf.DUMMYFUNCTION("""COMPUTED_VALUE"""),"x") -> x | Z31: x | AA31: x | AB31: =COUNTA(M31:Y31) -> 4 | AC31: =IF(M31="x",M$1000*1,"")*BY31 -> 1.2 | AD31: =IF(N31="x",N$1000*1,"")*BZ31 -> #VALUE! | AE31: =IF(O31="x",O$1000*1,"")*CA31 -> #VALUE! | AF31: =IF(P31="x",P$1000*1,"")*CB31 -> #VALUE! | AG31: =IF(Q31="x",Q$1000*1,"")*CC31 -> 1 | AH31: =IF(R31="x",R$1000*1,"")*CD31 -> 1 | AI31: =IF(S31="x",S$1000*1,"")*CE31 -> 1.1 | AJ31: =IF(T31="x",T$1000*1,"")*CF31 -> #VALUE! | ... AQ31: =IF(AA31="x",AA$1000*1,"")*CM31 -> 0 | AR31: =SUM(AC31:AQ31) -> #VALUE! | AS31: =IFERROR(L31/AR31,"") | AT31: =IFERROR(__xludf.DUMMYFUNCTION("""COMPUTED_VALUE"""),9.33333333333333) -> 9.3333333 | AU31: =IFERROR(__xludf.DUMMYFUNCTION("""COMPUTED_VALUE"""),"") | AV31: =IFERROR(__xludf.DUMMYFUNCTION("""COMPUTED_VALUE"""),"") | AW31: =IFERROR(__xludf.DUMMYFUNCTION("""COMPUTED_VALUE"""),"") | AX31: =IFERROR(__xludf.DUMMYFUNCTION("""COMPUTED_VALUE"""),9) -> 9 | AY31: =IFERROR(__xludf.DUMMYFUNCTION("""COMPUTED_VALUE"""),7.33333333333333) -> 7.3333333 | AZ31: =IFERROR(__xludf.DUMMYFUNCTION("""COMPUTED_VALUE"""),9) -> 9 | BA31: =IFERROR(__xludf.DUMMYFUNCTION("""COMPUTED_VALUE"""),"") | BB31: =IFERROR(__xludf.DUMMYFUNCTION("""COMPUTED_VALUE"""),"") | BC31: =IFERROR(__xludf.DUMMYFUNCTION("""COMPUTED_VALUE"""),"") | BD31: =IFERROR(__xludf.DUMMYFUNCTION("""COMPUTED_VALUE"""),"") | BF31: =IFERROR(__xludf.DUMMYFUNCTION("""COMPUTED_VALUE"""),"") | BG31: =IFERROR(__xludf.DUMMYFUNCTION("""COMPUTED_VALUE"""),9.75) -> 9.75 | BH31: =IFERROR(__xludf.DUMMYFUNCTION("""COMPUTED_VALUE"""),9.75) -> 9.75 | BI31: =IF(AC31=0,"",AC31*$AS31*(AT31/10)) -> #VALUE! | BJ31: =IF(AD31=0,"",AD31*$AS31*(AU31/10)) -> #VALUE! | BK31: =IF(AE31=0,"",AE31*$AS31*(AV31/10)) -> #VALUE! | BL31: =IF(AF31=0,"",AF31*$AS31*(AW31/10)) -> #VALUE! | BM31: =IF(AG31=0,"",AG31*$AS31*(AX31/10)) -> #VALUE! | BN31: =IF(AH31=0,"",AH31*$AS31*(AY31/10)) -> #VALUE! | BO31: =IF(AI31=0,"",AI31*$AS31*(AZ31/10)) -> #VALUE! | BP31: =IF(AJ31=0,"",AJ31*$AS31*(BA31/10)) -> #VALUE! | ... BW31: =IF(AQ31=0,"",AQ31*$AS31*(BH31/10)) | BX31: =SUM(BI31:BW31) -> #VALUE! | BY31: =IF(M31="x","1","") -> 1 | BZ31: =IF(N31="x","1","") | CA31: =IF(O31="x","1","") | CB31: =IF(P31="x","1","") | CC31: =IF(Q31="x","1","") -> 1 | CD31: =IF(R31="x","1","") -> 1 | CE31: =IF(S31="x","1","") -> 1 | CF31: =IF(T31="x","1","") | ... CH31: =IF(V31="x","1","")
A32: =IFERROR(__xludf.DUMMYFUNCTION("""COMPUTED_VALUE"""),"P787") -> P787 | B32: =IFERROR(__xludf.DUMMYFUNCTION("""COMPUTED_VALUE"""),"LOBA PRÉ-MOLDADOS") -> LOBA PRÉ-MOLDADOS | C32: x | D32: =IFERROR(__xludf.DUMMYFUNCTION("""COMPUTED_VALUE"""),45706) -> 45706 | E32: =IF(ISBLANK(D32),"",TEXT(D32,"MMMM")) -> fevereiro | F32: =IFERROR(__xludf.DUMMYFUNCTION("""COMPUTED_VALUE"""),56) -> 56 | G32: =IFERROR(__xludf.DUMMYFUNCTION("""COMPUTED_VALUE"""),530) -> 530 | H32: =IF(ISBLANK(G32),"",F32*G32/1000) -> 29.68 | I32: =IF(ISBLANK(F32),"",IF(H32<5,200,IF(H32<10,300,IF(H32<20,500,IF(H32<30,750,IF(H32<50,1000,IF(H32<75,1500,IF(H32>75,2000)))))))) -> 750 | J32: =IFERROR(__xludf.DUMMYFUNCTION("""COMPUTED_VALUE"""),92.3888888888888) -> 92.388889 | K32: FALSE | L32: =IF(K32=TRUE(),0,IF(C32="x",IF(ISBLANK(A32),"", I32*(J32/100)),"PENDENTE")) -> 692.91667 | O32: =IFERROR(__xludf.DUMMYFUNCTION("""COMPUTED_VALUE"""),"x") -> x | P32: =IFERROR(__xludf.DUMMYFUNCTION("""COMPUTED_VALUE"""),"x") -> x | T32: =IFERROR(__xludf.DUMMYFUNCTION("""COMPUTED_VALUE"""),"x") -> x | V32: =IFERROR(__xludf.DUMMYFUNCTION("""COMPUTED_VALUE"""),"x") -> x | Z32: x | AA32: x | AB32: =COUNTA(M32:Y32) -> 4 | AC32: =IF(M32="x",M$1000*1,"")*BY32 -> #VALUE! | AD32: =IF(N32="x",N$1000*1,"")*BZ32 -> #VALUE! | AE32: =IF(O32="x",O$1000*1,"")*CA32 -> 1 | AF32: =IF(P32="x",P$1000*1,"")*CB32 -> 1.2 | AG32: =IF(Q32="x",Q$1000*1,"")*CC32 -> #VALUE! | AH32: =IF(R32="x",R$1000*1,"")*CD32 -> #VALUE! | AI32: =IF(S32="x",S$1000*1,"")*CE32 -> #VALUE! | AJ32: =IF(T32="x",T$1000*1,"")*CF32 -> 1 | ... AQ32: =IF(AA32="x",AA$1000*1,"")*CM32 -> 0 | AR32: =SUM(AC32:AQ32) -> #VALUE! | AS32: =IFERROR(L32/AR32,"") | AT32: =IFERROR(__xludf.DUMMYFUNCTION("""COMPUTED_VALUE"""),"") | AU32: =IFERROR(__xludf.DUMMYFUNCTION("""COMPUTED_VALUE"""),10) -> 10 | AV32: =IFERROR(__xludf.DUMMYFUNCTION("""COMPUTED_VALUE"""),10) -> 10 | AW32: =IFERROR(__xludf.DUMMYFUNCTION("""COMPUTED_VALUE"""),10) -> 10 | AX32: =IFERROR(__xludf.DUMMYFUNCTION("""COMPUTED_VALUE"""),10) -> 10 | AY32: =IFERROR(__xludf.DUMMYFUNCTION("""COMPUTED_VALUE"""),"") | AZ32: =IFERROR(__xludf.DUMMYFUNCTION("""COMPUTED_VALUE"""),"") | BA32: =IFERROR(__xludf.DUMMYFUNCTION("""COMPUTED_VALUE"""),10) -> 10 | BB32: =IFERROR(__xludf.DUMMYFUNCTION("""COMPUTED_VALUE"""),"") | BC32: =IFERROR(__xludf.DUMMYFUNCTION("""COMPUTED_VALUE"""),10) -> 10 | BD32: =IFERROR(__xludf.DUMMYFUNCTION("""COMPUTED_VALUE"""),"") | BF32: =IFERROR(__xludf.DUMMYFUNCTION("""COMPUTED_VALUE"""),"") | BG32: =IFERROR(__xludf.DUMMYFUNCTION("""COMPUTED_VALUE"""),10) -> 10 | BH32: =IFERROR(__xludf.DUMMYFUNCTION("""COMPUTED_VALUE"""),10) -> 10 | BI32: =IF(AC32=0,"",AC32*$AS32*(AT32/10)) -> #VALUE! | BJ32: =IF(AD32=0,"",AD32*$AS32*(AU32/10)) -> #VALUE! | BK32: =IF(AE32=0,"",AE32*$AS32*(AV32/10)) -> #VALUE! | BL32: =IF(AF32=0,"",AF32*$AS32*(AW32/10)) -> #VALUE! | BM32: =IF(AG32=0,"",AG32*$AS32*(AX32/10)) -> #VALUE! | BN32: =IF(AH32=0,"",AH32*$AS32*(AY32/10)) -> #VALUE! | BO32: =IF(AI32=0,"",AI32*$AS32*(AZ32/10)) -> #VALUE! | BP32: =IF(AJ32=0,"",AJ32*$AS32*(BA32/10)) -> #VALUE! | ... BW32: =IF(AQ32=0,"",AQ32*$AS32*(BH32/10)) | BX32: =SUM(BI32:BW32) -> #VALUE! | BY32: =IF(M32="x","1","") | BZ32: =IF(N32="x","1","") | CA32: =IF(O32="x","1","") -> 1 | CB32: =IF(P32="x","1","") -> 1 | CC32: =IF(Q32="x","1","") | CD32: =IF(R32="x","1","") | CE32: =IF(S32="x","1","") | CF32: =IF(T32="x","1","") -> 1 | ... CH32: =IF(V32="x","1","") -> 1
A33: =IFERROR(__xludf.DUMMYFUNCTION("""COMPUTED_VALUE"""),"P229") -> P229 | B33: =IFERROR(__xludf.DUMMYFUNCTION("""COMPUTED_VALUE"""),"João Adil") -> João Adil | C33: x | D33: =IFERROR(__xludf.DUMMYFUNCTION("""COMPUTED_VALUE"""),45707) -> 45707 | E33: =IF(ISBLANK(D33),"",TEXT(D33,"MMMM")) -> fevereiro | F33: =IFERROR(__xludf.DUMMYFUNCTION("""COMPUTED_VALUE"""),14) -> 14 | G33: =IFERROR(__xludf.DUMMYFUNCTION("""COMPUTED_VALUE"""),600) -> 600 | H33: =IF(ISBLANK(G33),"",F33*G33/1000) -> 8.4 | I33: =IF(ISBLANK(F33),"",IF(H33<5,200,IF(H33<10,300,IF(H33<20,500,IF(H33<30,750,IF(H33<50,1000,IF(H33<75,1500,IF(H33>75,2000)))))))) -> 300 | J33: =IFERROR(__xludf.DUMMYFUNCTION("""COMPUTED_VALUE"""),99.4753086419753) -> 99.475309 | K33: FALSE | L33: =IF(K33=TRUE(),0,IF(C33="x",IF(ISBLANK(A33),"", I33*(J33/100)),"PENDENTE")) -> 298.42593 | R33: =IFERROR(__xludf.DUMMYFUNCTION("""COMPUTED_VALUE"""),"x") -> x | T33: =IFERROR(__xludf.DUMMYFUNCTION("""COMPUTED_VALUE"""),"x") -> x | V33: =IFERROR(__xludf.DUMMYFUNCTION("""COMPUTED_VALUE"""),"x") -> x | Z33: x | AA33: x | AB33: =COUNTA(M33:Y33) -> 3 | AC33: =IF(M33="x",M$1000*1,"")*BY33 -> #VALUE! | AD33: =IF(N33="x",N$1000*1,"")*BZ33 -> #VALUE! | AE33: =IF(O33="x",O$1000*1,"")*CA33 -> #VALUE! | AF33: =IF(P33="x",P$1000*1,"")*CB33 -> #VALUE! | AG33: =IF(Q33="x",Q$1000*1,"")*CC33 -> #VALUE! | AH33: =IF(R33="x",R$1000*1,"")*CD33 -> 1 | AI33: =IF(S33="x",S$1000*1,"")*CE33 -> #VALUE! | AJ33: =IF(T33="x",T$1000*1,"")*CF33 -> 1 | ... AQ33: =IF(AA33="x",AA$1000*1,"")*CM33 -> 0 | AR33: =SUM(AC33:AQ33) -> #VALUE! | AS33: =IFERROR(L33/AR33,"") | AT33: =IFERROR(__xludf.DUMMYFUNCTION("""COMPUTED_VALUE"""),"") | AU33: =IFERROR(__xludf.DUMMYFUNCTION("""COMPUTED_VALUE"""),10) -> 10 | AV33: =IFERROR(__xludf.DUMMYFUNCTION("""COMPUTED_VALUE"""),10) -> 10 | AW33: =IFERROR(__xludf.DUMMYFUNCTION("""COMPUTED_VALUE"""),"") | AX33: =IFERROR(__xludf.DUMMYFUNCTION("""COMPUTED_VALUE"""),"") | AY33: =IFERROR(__xludf.DUMMYFUNCTION("""COMPUTED_VALUE"""),10) -> 10 | AZ33: =IFERROR(__xludf.DUMMYFUNCTION("""COMPUTED_VALUE"""),10) -> 10 | BA33: =IFERROR(__xludf.DUMMYFUNCTION("""COMPUTED_VALUE"""),9.5) -> 9.5 | BB33: =IFERROR(__xludf.DUMMYFUNCTION("""COMPUTED_VALUE"""),"") | BC33: =IFERROR(__xludf.DUMMYFUNCTION("""COMPUTED_VALUE"""),10) -> 10 | BD33: =IFERROR(__xludf.DUMMYFUNCTION("""COMPUTED_VALUE"""),"") | BF33: =IFERROR(__xludf.DUMMYFUNCTION("""COMPUTED_VALUE"""),"") | BG33: =IFERROR(__xludf.DUMMYFUNCTION("""COMPUTED_VALUE"""),10) -> 10 | BH33: =IFERROR(__xludf.DUMMYFUNCTION("""COMPUTED_VALUE"""),9.66666666666666) -> 9.6666667 | BI33: =IF(AC33=0,"",AC33*$AS33*(AT33/10)) -> #VALUE! | BJ33: =IF(AD33=0,"",AD33*$AS33*(AU33/10)) -> #VALUE! | BK33: =IF(AE33=0,"",AE33*$AS33*(AV33/10)) -> #VALUE! | BL33: =IF(AF33=0,"",AF33*$AS33*(AW33/10)) -> #VALUE! | BM33: =IF(AG33=0,"",AG33*$AS33*(AX33/10)) -> #VALUE! | BN33: =IF(AH33=0,"",AH33*$AS33*(AY33/10)) -> #VALUE! | BO33: =IF(AI33=0,"",AI33*$AS33*(AZ33/10)) -> #VALUE! | BP33: =IF(AJ33=0,"",AJ33*$AS33*(BA33/10)) -> #VALUE! | ... BW33: =IF(AQ33=0,"",AQ33*$AS33*(BH33/10)) | BX33: =SUM(BI33:BW33) -> #VALUE! | BY33: =IF(M33="x","1","") | BZ33: =IF(N33="x","1","") | CA33: =IF(O33="x","1","") | CB33: =IF(P33="x","1","") | CC33: =IF(Q33="x","1","") | CD33: =IF(R33="x","1","") -> 1 | CE33: =IF(S33="x","1","") | CF33: =IF(T33="x","1","") -> 1 | ... CH33: =IF(V33="x","1","") -> 1
A34: =IFERROR(__xludf.DUMMYFUNCTION("""COMPUTED_VALUE"""),"P778") -> P778 | B34: =IFERROR(__xludf.DUMMYFUNCTION("""COMPUTED_VALUE"""),"Leonardo Cerqueira Guimarães") -> Leonardo Cerqueira Guimarães | C34: x | D34: =IFERROR(__xludf.DUMMYFUNCTION("""COMPUTED_VALUE"""),45709) -> 45709 | E34: =IF(ISBLANK(D34),"",TEXT(D34,"MMMM")) -> fevereiro | F34: =IFERROR(__xludf.DUMMYFUNCTION("""COMPUTED_VALUE"""),44) -> 44 | G34: =IFERROR(__xludf.DUMMYFUNCTION("""COMPUTED_VALUE"""),585) -> 585 | H34: =IF(ISBLANK(G34),"",F34*G34/1000) -> 25.74 | I34: =IF(ISBLANK(F34),"",IF(H34<5,200,IF(H34<10,300,IF(H34<20,500,IF(H34<30,750,IF(H34<50,1000,IF(H34<75,1500,IF(H34>75,2000)))))))) -> 750 | J34: =IFERROR(__xludf.DUMMYFUNCTION("""COMPUTED_VALUE"""),96.3796296296296) -> 96.37963 | K34: FALSE | L34: =IF(K34=TRUE(),0,IF(C34="x",IF(ISBLANK(A34),"", I34*(J34/100)),"PENDENTE")) -> 722.84722 | M34: =IFERROR(__xludf.DUMMYFUNCTION("""COMPUTED_VALUE"""),"x") -> x | Q34: =IFERROR(__xludf.DUMMYFUNCTION("""COMPUTED_VALUE"""),"x") -> x | R34: =IFERROR(__xludf.DUMMYFUNCTION("""COMPUTED_VALUE"""),"x") -> x | S34: =IFERROR(__xludf.DUMMYFUNCTION("""COMPUTED_VALUE"""),"x") -> x | U34: =IFERROR(__xludf.DUMMYFUNCTION("""COMPUTED_VALUE"""),"x") -> x | Z34: x | AA34: x | AB34: =COUNTA(M34:Y34) -> 5 | AC34: =IF(M34="x",M$1000*1,"")*BY34 -> 1.2 | AD34: =IF(N34="x",N$1000*1,"")*BZ34 -> #VALUE! | AE34: =IF(O34="x",O$1000*1,"")*CA34 -> #VALUE! | AF34: =IF(P34="x",P$1000*1,"")*CB34 -> #VALUE! | AG34: =IF(Q34="x",Q$1000*1,"")*CC34 -> 1 | AH34: =IF(R34="x",R$1000*1,"")*CD34 -> 1 | AI34: =IF(S34="x",S$1000*1,"")*CE34 -> 1.1 | AJ34: =IF(T34="x",T$1000*1,"")*CF34 -> #VALUE! | ... AQ34: =IF(AA34="x",AA$1000*1,"")*CM34 -> 0 | AR34: =SUM(AC34:AQ34) -> #VALUE! | AS34: =IFERROR(L34/AR34,"") | AT34: =IFERROR(__xludf.DUMMYFUNCTION("""COMPUTED_VALUE"""),8.5) -> 8.5 | AU34: =IFERROR(__xludf.DUMMYFUNCTION("""COMPUTED_VALUE"""),"") | AV34: =IFERROR(__xludf.DUMMYFUNCTION("""COMPUTED_VALUE"""),"") | AW34: =IFERROR(__xludf.DUMMYFUNCTION("""COMPUTED_VALUE"""),"") | AX34: =IFERROR(__xludf.DUMMYFUNCTION("""COMPUTED_VALUE"""),9.66666666666666) -> 9.6666667 | AY34: =IFERROR(__xludf.DUMMYFUNCTION("""COMPUTED_VALUE"""),10) -> 10 | AZ34: =IFERROR(__xludf.DUMMYFUNCTION("""COMPUTED_VALUE"""),9.25) -> 9.25 | BA34: =IFERROR(__xludf.DUMMYFUNCTION("""COMPUTED_VALUE"""),"") | BB34: =IFERROR(__xludf.DUMMYFUNCTION("""COMPUTED_VALUE"""),9.5) -> 9.5 | BC34: =IFERROR(__xludf.DUMMYFUNCTION("""COMPUTED_VALUE"""),"") | BD34: =IFERROR(__xludf.DUMMYFUNCTION("""COMPUTED_VALUE"""),"") | BF34: =IFERROR(__xludf.DUMMYFUNCTION("""COMPUTED_VALUE"""),"") | BG34: =IFERROR(__xludf.DUMMYFUNCTION("""COMPUTED_VALUE"""),8.75) -> 8.75 | BH34: =IFERROR(__xludf.DUMMYFUNCTION("""COMPUTED_VALUE"""),10) -> 10 | BI34: =IF(AC34=0,"",AC34*$AS34*(AT34/10)) -> #VALUE! | BJ34: =IF(AD34=0,"",AD34*$AS34*(AU34/10)) -> #VALUE! | BK34: =IF(AE34=0,"",AE34*$AS34*(AV34/10)) -> #VALUE! | BL34: =IF(AF34=0,"",AF34*$AS34*(AW34/10)) -> #VALUE! | BM34: =IF(AG34=0,"",AG34*$AS34*(AX34/10)) -> #VALUE! | BN34: =IF(AH34=0,"",AH34*$AS34*(AY34/10)) -> #VALUE! | BO34: =IF(AI34=0,"",AI34*$AS34*(AZ34/10)) -> #VALUE! | BP34: =IF(AJ34=0,"",AJ34*$AS34*(BA34/10)) -> #VALUE! | ... BW34: =IF(AQ34=0,"",AQ34*$AS34*(BH34/10)) | BX34: =SUM(BI34:BW34) -> #VALUE! | BY34: =IF(M34="x","1","") -> 1 | BZ34: =IF(N34="x","1","") | CA34: =IF(O34="x","1","") | CB34: =IF(P34="x","1","") | CC34: =IF(Q34="x","1","") -> 1 | CD34: =IF(R34="x","1","") -> 1 | CE34: =IF(S34="x","1","") -> 1 | CF34: =IF(T34="x","1","") | ... CH34: =IF(V34="x","1","")
A35: =IFERROR(__xludf.DUMMYFUNCTION("""COMPUTED_VALUE"""),"P725") -> P725 | B35: =IFERROR(__xludf.DUMMYFUNCTION("""COMPUTED_VALUE"""),"Emanuelle Souza Reguete") -> Emanuelle Souza Reguete | C35: x | D35: =IFERROR(__xludf.DUMMYFUNCTION("""COMPUTED_VALUE"""),45708) -> 45708 | E35: =IF(ISBLANK(D35),"",TEXT(D35,"MMMM")) -> fevereiro | F35: =IFERROR(__xludf.DUMMYFUNCTION("""COMPUTED_VALUE"""),11) -> 11 | G35: =IFERROR(__xludf.DUMMYFUNCTION("""COMPUTED_VALUE"""),600) -> 600 | H35: =IF(ISBLANK(G35),"",F35*G35/1000) -> 6.6 | I35: =IF(ISBLANK(F35),"",IF(H35<5,200,IF(H35<10,300,IF(H35<20,500,IF(H35<30,750,IF(H35<50,1000,IF(H35<75,1500,IF(H35>75,2000)))))))) -> 300 | J35: =IFERROR(__xludf.DUMMYFUNCTION("""COMPUTED_VALUE"""),83.3333333333333) -> 83.333333 | K35: FALSE | L35: =IF(K35=TRUE(),0,IF(C35="x",IF(ISBLANK(A35),"", I35*(J35/100)),"PENDENTE")) -> 250 | O35: =IFERROR(__xludf.DUMMYFUNCTION("""COMPUTED_VALUE"""),"x") -> x | P35: =IFERROR(__xludf.DUMMYFUNCTION("""COMPUTED_VALUE"""),"x") -> x | T35: =IFERROR(__xludf.DUMMYFUNCTION("""COMPUTED_VALUE"""),"x") -> x | V35: =IFERROR(__xludf.DUMMYFUNCTION("""COMPUTED_VALUE"""),"x") -> x | Z35: x | AA35: x | AB35: =COUNTA(M35:Y35) -> 4 | AC35: =IF(M35="x",M$1000*1,"")*BY35 -> #VALUE! | AD35: =IF(N35="x",N$1000*1,"")*BZ35 -> #VALUE! | AE35: =IF(O35="x",O$1000*1,"")*CA35 -> 1 | AF35: =IF(P35="x",P$1000*1,"")*CB35 -> 1.2 | AG35: =IF(Q35="x",Q$1000*1,"")*CC35 -> #VALUE! | AH35: =IF(R35="x",R$1000*1,"")*CD35 -> #VALUE! | AI35: =IF(S35="x",S$1000*1,"")*CE35 -> #VALUE! | AJ35: =IF(T35="x",T$1000*1,"")*CF35 -> 1 | ... AQ35: =IF(AA35="x",AA$1000*1,"")*CM35 -> 0 | AR35: =SUM(AC35:AQ35) -> #VALUE! | AS35: =IFERROR(L35/AR35,"") | AT35: =IFERROR(__xludf.DUMMYFUNCTION("""COMPUTED_VALUE"""),"") | AU35: =IFERROR(__xludf.DUMMYFUNCTION("""COMPUTED_VALUE"""),10) -> 10 | AV35: =IFERROR(__xludf.DUMMYFUNCTION("""COMPUTED_VALUE"""),10) -> 10 | AW35: =IFERROR(__xludf.DUMMYFUNCTION("""COMPUTED_VALUE"""),10) -> 10 | AX35: =IFERROR(__xludf.DUMMYFUNCTION("""COMPUTED_VALUE"""),10) -> 10 | AY35: =IFERROR(__xludf.DUMMYFUNCTION("""COMPUTED_VALUE"""),"") | AZ35: =IFERROR(__xludf.DUMMYFUNCTION("""COMPUTED_VALUE"""),"") | BA35: =IFERROR(__xludf.DUMMYFUNCTION("""COMPUTED_VALUE"""),10) -> 10 | BB35: =IFERROR(__xludf.DUMMYFUNCTION("""COMPUTED_VALUE"""),"") | BC35: =IFERROR(__xludf.DUMMYFUNCTION("""COMPUTED_VALUE"""),10) -> 10 | BD35: =IFERROR(__xludf.DUMMYFUNCTION("""COMPUTED_VALUE"""),"") | BF35: =IFERROR(__xludf.DUMMYFUNCTION("""COMPUTED_VALUE"""),"") | BG35: =IFERROR(__xludf.DUMMYFUNCTION("""COMPUTED_VALUE"""),10) -> 10 | BH35: =IFERROR(__xludf.DUMMYFUNCTION("""COMPUTED_VALUE"""),10) -> 10 | BI35: =IF(AC35=0,"",AC35*$AS35*(AT35/10)) -> #VALUE! | BJ35: =IF(AD35=0,"",AD35*$AS35*(AU35/10)) -> #VALUE! | BK35: =IF(AE35=0,"",AE35*$AS35*(AV35/10)) -> #VALUE! | BL35: =IF(AF35=0,"",AF35*$AS35*(AW35/10)) -> #VALUE! | BM35: =IF(AG35=0,"",AG35*$AS35*(AX35/10)) -> #VALUE! | BN35: =IF(AH35=0,"",AH35*$AS35*(AY35/10)) -> #VALUE! | BO35: =IF(AI35=0,"",AI35*$AS35*(AZ35/10)) -> #VALUE! | BP35: =IF(AJ35=0,"",AJ35*$AS35*(BA35/10)) -> #VALUE! | ... BW35: =IF(AQ35=0,"",AQ35*$AS35*(BH35/10)) | BX35: =SUM(BI35:BW35) -> #VALUE! | BY35: =IF(M35="x","1","") | BZ35: =IF(N35="x","1","") | CA35: =IF(O35="x","1","") -> 1 | CB35: =IF(P35="x","1","") -> 1 | CC35: =IF(Q35="x","1","") | CD35: =IF(R35="x","1","") | CE35: =IF(S35="x","1","") | CF35: =IF(T35="x","1","") -> 1 | ... CH35: =IF(V35="x","1","") -> 1
A36: =IFERROR(__xludf.DUMMYFUNCTION("""COMPUTED_VALUE"""),"P791") -> P791 | B36: =IFERROR(__xludf.DUMMYFUNCTION("""COMPUTED_VALUE"""),"Renato Santana Moreira") -> Renato Santana Moreira | C36: x | D36: =IFERROR(__xludf.DUMMYFUNCTION("""COMPUTED_VALUE"""),45709) -> 45709 | E36: =IF(ISBLANK(D36),"",TEXT(D36,"MMMM")) -> fevereiro | F36: =IFERROR(__xludf.DUMMYFUNCTION("""COMPUTED_VALUE"""),26) -> 26 | G36: =IFERROR(__xludf.DUMMYFUNCTION("""COMPUTED_VALUE"""),600) -> 600 | H36: =IF(ISBLANK(G36),"",F36*G36/1000) -> 15.6 | I36: =IF(ISBLANK(F36),"",IF(H36<5,200,IF(H36<10,300,IF(H36<20,500,IF(H36<30,750,IF(H36<50,1000,IF(H36<75,1500,IF(H36>75,2000)))))))) -> 500 | J36: =IFERROR(__xludf.DUMMYFUNCTION("""COMPUTED_VALUE"""),93.7962962962963) -> 93.796296 | K36: FALSE | L36: =IF(K36=TRUE(),0,IF(C36="x",IF(ISBLANK(A36),"", I36*(J36/100)),"PENDENTE")) -> 468.98148 | O36: =IFERROR(__xludf.DUMMYFUNCTION("""COMPUTED_VALUE"""),"x") -> x | P36: =IFERROR(__xludf.DUMMYFUNCTION("""COMPUTED_VALUE"""),"x") -> x | T36: =IFERROR(__xludf.DUMMYFUNCTION("""COMPUTED_VALUE"""),"x") -> x | Z36: x | AA36: x | AB36: =COUNTA(M36:Y36) -> 3 | AC36: =IF(M36="x",M$1000*1,"")*BY36 -> #VALUE! | AD36: =IF(N36="x",N$1000*1,"")*BZ36 -> #VALUE! | AE36: =IF(O36="x",O$1000*1,"")*CA36 -> 1 | AF36: =IF(P36="x",P$1000*1,"")*CB36 -> 1.2 | AG36: =IF(Q36="x",Q$1000*1,"")*CC36 -> #VALUE! | AH36: =IF(R36="x",R$1000*1,"")*CD36 -> #VALUE! | AI36: =IF(S36="x",S$1000*1,"")*CE36 -> #VALUE! | AJ36: =IF(T36="x",T$1000*1,"")*CF36 -> 1 | ... AQ36: =IF(AA36="x",AA$1000*1,"")*CM36 -> 0 | AR36: =SUM(AC36:AQ36) -> #VALUE! | AS36: =IFERROR(L36/AR36,"") | AT36: =IFERROR(__xludf.DUMMYFUNCTION("""COMPUTED_VALUE"""),"") | AU36: =IFERROR(__xludf.DUMMYFUNCTION("""COMPUTED_VALUE"""),10) -> 10 | AV36: =IFERROR(__xludf.DUMMYFUNCTION("""COMPUTED_VALUE"""),10) -> 10 | AW36: =IFERROR(__xludf.DUMMYFUNCTION("""COMPUTED_VALUE"""),10) -> 10 | AX36: =IFERROR(__xludf.DUMMYFUNCTION("""COMPUTED_VALUE"""),10) -> 10 | AY36: =IFERROR(__xludf.DUMMYFUNCTION("""COMPUTED_VALUE"""),"") | AZ36: =IFERROR(__xludf.DUMMYFUNCTION("""COMPUTED_VALUE"""),"") | BA36: =IFERROR(__xludf.DUMMYFUNCTION("""COMPUTED_VALUE"""),10) -> 10 | BB36: =IFERROR(__xludf.DUMMYFUNCTION("""COMPUTED_VALUE"""),"") | BC36: =IFERROR(__xludf.DUMMYFUNCTION("""COMPUTED_VALUE"""),"") | BD36: =IFERROR(__xludf.DUMMYFUNCTION("""COMPUTED_VALUE"""),"") | BF36: =IFERROR(__xludf.DUMMYFUNCTION("""COMPUTED_VALUE"""),"") | BG36: =IFERROR(__xludf.DUMMYFUNCTION("""COMPUTED_VALUE"""),10) -> 10 | BH36: =IFERROR(__xludf.DUMMYFUNCTION("""COMPUTED_VALUE"""),10) -> 10 | BI36: =IF(AC36=0,"",AC36*$AS36*(AT36/10)) -> #VALUE! | BJ36: =IF(AD36=0,"",AD36*$AS36*(AU36/10)) -> #VALUE! | BK36: =IF(AE36=0,"",AE36*$AS36*(AV36/10)) -> #VALUE! | BL36: =IF(AF36=0,"",AF36*$AS36*(AW36/10)) -> #VALUE! | BM36: =IF(AG36=0,"",AG36*$AS36*(AX36/10)) -> #VALUE! | BN36: =IF(AH36=0,"",AH36*$AS36*(AY36/10)) -> #VALUE! | BO36: =IF(AI36=0,"",AI36*$AS36*(AZ36/10)) -> #VALUE! | BP36: =IF(AJ36=0,"",AJ36*$AS36*(BA36/10)) -> #VALUE! | ... BW36: =IF(AQ36=0,"",AQ36*$AS36*(BH36/10)) | BX36: =SUM(BI36:BW36) -> #VALUE! | BY36: =IF(M36="x","1","") | BZ36: =IF(N36="x","1","") | CA36: =IF(O36="x","1","") -> 1 | CB36: =IF(P36="x","1","") -> 1 | CC36: =IF(Q36="x","1","") | CD36: =IF(R36="x","1","") | CE36: =IF(S36="x","1","") | CF36: =IF(T36="x","1","") -> 1 | ... CH36: =IF(V36="x","1","")
A37: =IFERROR(__xludf.DUMMYFUNCTION("""COMPUTED_VALUE"""),"P792") -> P792 | B37: =IFERROR(__xludf.DUMMYFUNCTION("""COMPUTED_VALUE"""),"Adair José Cantamissa") -> Adair José Cantamissa | C37: x | D37: =IFERROR(__xludf.DUMMYFUNCTION("""COMPUTED_VALUE"""),45713) -> 45713 | E37: =IF(ISBLANK(D37),"",TEXT(D37,"MMMM")) -> fevereiro | F37: =IFERROR(__xludf.DUMMYFUNCTION("""COMPUTED_VALUE"""),180) -> 180 | G37: =IFERROR(__xludf.DUMMYFUNCTION("""COMPUTED_VALUE"""),600) -> 600 | H37: =IF(ISBLANK(G37),"",F37*G37/1000) -> 108 | I37: =IF(ISBLANK(F37),"",IF(H37<5,200,IF(H37<10,300,IF(H37<20,500,IF(H37<30,750,IF(H37<50,1000,IF(H37<75,1500,IF(H37>75,2000)))))))) -> 2000 | J37: =IFERROR(__xludf.DUMMYFUNCTION("""COMPUTED_VALUE"""),93.8888888888888) -> 93.888889 | K37: FALSE | L37: =IF(K37=TRUE(),0,IF(C37="x",IF(ISBLANK(A37),"", I37*(J37/100)),"PENDENTE")) -> 1877.7778 | M37: =IFERROR(__xludf.DUMMYFUNCTION("""COMPUTED_VALUE"""),"x") -> x | Q37: =IFERROR(__xludf.DUMMYFUNCTION("""COMPUTED_VALUE"""),"x") -> x | R37: =IFERROR(__xludf.DUMMYFUNCTION("""COMPUTED_VALUE"""),"x") -> x | S37: =IFERROR(__xludf.DUMMYFUNCTION("""COMPUTED_VALUE"""),"x") -> x | Z37: x | AA37: x | AB37: =COUNTA(M37:Y37) -> 4 | AC37: =IF(M37="x",M$1000*1,"")*BY37 -> 1.2 | AD37: =IF(N37="x",N$1000*1,"")*BZ37 -> #VALUE! | AE37: =IF(O37="x",O$1000*1,"")*CA37 -> #VALUE! | AF37: =IF(P37="x",P$1000*1,"")*CB37 -> #VALUE! | AG37: =IF(Q37="x",Q$1000*1,"")*CC37 -> 1 | AH37: =IF(R37="x",R$1000*1,"")*CD37 -> 1 | AI37: =IF(S37="x",S$1000*1,"")*CE37 -> 1.1 | AJ37: =IF(T37="x",T$1000*1,"")*CF37 -> #VALUE! | ... AQ37: =IF(AA37="x",AA$1000*1,"")*CM37 -> 0 | AR37: =SUM(AC37:AQ37) -> #VALUE! | AS37: =IFERROR(L37/AR37,"") | AT37: =IFERROR(__xludf.DUMMYFUNCTION("""COMPUTED_VALUE"""),9) -> 9 | AU37: =IFERROR(__xludf.DUMMYFUNCTION("""COMPUTED_VALUE"""),"") | AV37: =IFERROR(__xludf.DUMMYFUNCTION("""COMPUTED_VALUE"""),"") | AW37: =IFERROR(__xludf.DUMMYFUNCTION("""COMPUTED_VALUE"""),"") | AX37: =IFERROR(__xludf.DUMMYFUNCTION("""COMPUTED_VALUE"""),10) -> 10 | AY37: =IFERROR(__xludf.DUMMYFUNCTION("""COMPUTED_VALUE"""),10) -> 10 | AZ37: =IFERROR(__xludf.DUMMYFUNCTION("""COMPUTED_VALUE"""),10) -> 10 | BA37: =IFERROR(__xludf.DUMMYFUNCTION("""COMPUTED_VALUE"""),"") | BB37: =IFERROR(__xludf.DUMMYFUNCTION("""COMPUTED_VALUE"""),"") | BC37: =IFERROR(__xludf.DUMMYFUNCTION("""COMPUTED_VALUE"""),"") | BD37: =IFERROR(__xludf.DUMMYFUNCTION("""COMPUTED_VALUE"""),"") | BF37: =IFERROR(__xludf.DUMMYFUNCTION("""COMPUTED_VALUE"""),"") | BG37: =IFERROR(__xludf.DUMMYFUNCTION("""COMPUTED_VALUE"""),10) -> 10 | BH37: =IFERROR(__xludf.DUMMYFUNCTION("""COMPUTED_VALUE"""),10) -> 10 | BI37: =IF(AC37=0,"",AC37*$AS37*(AT37/10)) -> #VALUE! | BJ37: =IF(AD37=0,"",AD37*$AS37*(AU37/10)) -> #VALUE! | BK37: =IF(AE37=0,"",AE37*$AS37*(AV37/10)) -> #VALUE! | BL37: =IF(AF37=0,"",AF37*$AS37*(AW37/10)) -> #VALUE! | BM37: =IF(AG37=0,"",AG37*$AS37*(AX37/10)) -> #VALUE! | BN37: =IF(AH37=0,"",AH37*$AS37*(AY37/10)) -> #VALUE! | BO37: =IF(AI37=0,"",AI37*$AS37*(AZ37/10)) -> #VALUE! | BP37: =IF(AJ37=0,"",AJ37*$AS37*(BA37/10)) -> #VALUE! | ... BW37: =IF(AQ37=0,"",AQ37*$AS37*(BH37/10)) | BX37: =SUM(BI37:BW37) -> #VALUE! | BY37: =IF(M37="x","1","") -> 1 | BZ37: =IF(N37="x","1","") | CA37: =IF(O37="x","1","") | CB37: =IF(P37="x","1","") | CC37: =IF(Q37="x","1","") -> 1 | CD37: =IF(R37="x","1","") -> 1 | CE37: =IF(S37="x","1","") -> 1 | CF37: =IF(T37="x","1","") | ... CH37: =IF(V37="x","1","")
A38: =IFERROR(__xludf.DUMMYFUNCTION("""COMPUTED_VALUE"""),"P722") -> P722 | B38: =IFERROR(__xludf.DUMMYFUNCTION("""COMPUTED_VALUE"""),"Fabio Fernandez de Salles") -> Fabio Fernandez de Salles | C38: x | D38: =IFERROR(__xludf.DUMMYFUNCTION("""COMPUTED_VALUE"""),45715) -> 45715 | E38: Março | F38: =IFERROR(__xludf.DUMMYFUNCTION("""COMPUTED_VALUE"""),4) -> 4 | G38: =IFERROR(__xludf.DUMMYFUNCTION("""COMPUTED_VALUE"""),560) -> 560 | H38: =IF(ISBLANK(G38),"",F38*G38/1000) -> 2.24 | I38: =IF(ISBLANK(F38),"",IF(H38<5,200,IF(H38<10,300,IF(H38<20,500,IF(H38<30,750,IF(H38<50,1000,IF(H38<75,1500,IF(H38>75,2000)))))))) -> 200 | J38: =IFERROR(__xludf.DUMMYFUNCTION("""COMPUTED_VALUE"""),97.7777777777777) -> 97.777778 | K38: FALSE | L38: =IF(K38=TRUE(),0,IF(C38="x",IF(ISBLANK(A38),"", I38*(J38/100)),"PENDENTE")) -> 195.55556 | U38: =IFERROR(__xludf.DUMMYFUNCTION("""COMPUTED_VALUE"""),"x") -> x | V38: =IFERROR(__xludf.DUMMYFUNCTION("""COMPUTED_VALUE"""),"x") -> x | Z38: x | AA38: x | AB38: =COUNTA(M38:Y38) -> 2 | AC38: =IF(M38="x",M$1000*1,"")*BY38 -> #VALUE! | AD38: =IF(N38="x",N$1000*1,"")*BZ38 -> #VALUE! | AE38: =IF(O38="x",O$1000*1,"")*CA38 -> #VALUE! | AF38: =IF(P38="x",P$1000*1,"")*CB38 -> #VALUE! | AG38: =IF(Q38="x",Q$1000*1,"")*CC38 -> #VALUE! | AH38: =IF(R38="x",R$1000*1,"")*CD38 -> #VALUE! | AI38: =IF(S38="x",S$1000*1,"")*CE38 -> #VALUE! | AJ38: =IF(T38="x",T$1000*1,"")*CF38 -> #VALUE! | ... AQ38: =IF(AA38="x",AA$1000*1,"")*CM38 -> 0 | AR38: =SUM(AC38:AQ38) -> #VALUE! | AS38: =IFERROR(L38/AR38,"") | AT38: =IFERROR(__xludf.DUMMYFUNCTION("""COMPUTED_VALUE"""),"") | AU38: =IFERROR(__xludf.DUMMYFUNCTION("""COMPUTED_VALUE"""),"") | AV38: =IFERROR(__xludf.DUMMYFUNCTION("""COMPUTED_VALUE"""),"") | AW38: =IFERROR(__xludf.DUMMYFUNCTION("""COMPUTED_VALUE"""),"") | AX38: =IFERROR(__xludf.DUMMYFUNCTION("""COMPUTED_VALUE"""),"") | AY38: =IFERROR(__xludf.DUMMYFUNCTION("""COMPUTED_VALUE"""),"") | AZ38: =IFERROR(__xludf.DUMMYFUNCTION("""COMPUTED_VALUE"""),"") | BA38: =IFERROR(__xludf.DUMMYFUNCTION("""COMPUTED_VALUE"""),"") | BB38: =IFERROR(__xludf.DUMMYFUNCTION("""COMPUTED_VALUE"""),10) -> 10 | BC38: =IFERROR(__xludf.DUMMYFUNCTION("""COMPUTED_VALUE"""),10) -> 10 | BD38: =IFERROR(__xludf.DUMMYFUNCTION("""COMPUTED_VALUE"""),"") | BF38: =IFERROR(__xludf.DUMMYFUNCTION("""COMPUTED_VALUE"""),"") | BG38: =IFERROR(__xludf.DUMMYFUNCTION("""COMPUTED_VALUE"""),10) -> 10 | BH38: =IFERROR(__xludf.DUMMYFUNCTION("""COMPUTED_VALUE"""),10) -> 10 | BI38: =IF(AC38=0,"",AC38*$AS38*(AT38/10)) -> #VALUE! | BJ38: =IF(AD38=0,"",AD38*$AS38*(AU38/10)) -> #VALUE! | BK38: =IF(AE38=0,"",AE38*$AS38*(AV38/10)) -> #VALUE! | BL38: =IF(AF38=0,"",AF38*$AS38*(AW38/10)) -> #VALUE! | BM38: =IF(AG38=0,"",AG38*$AS38*(AX38/10)) -> #VALUE! | BN38: =IF(AH38=0,"",AH38*$AS38*(AY38/10)) -> #VALUE! | BO38: =IF(AI38=0,"",AI38*$AS38*(AZ38/10)) -> #VALUE! | BP38: =IF(AJ38=0,"",AJ38*$AS38*(BA38/10)) -> #VALUE! | ... BW38: =IF(AQ38=0,"",AQ38*$AS38*(BH38/10)) | BX38: =SUM(BI38:BW38) -> #VALUE! | BY38: =IF(M38="x","1","") | BZ38: =IF(N38="x","1","") | CA38: =IF(O38="x","1","") | CB38: =IF(P38="x","1","") | CC38: =IF(Q38="x","1","") | CD38: =IF(R38="x","1","") | CE38: =IF(S38="x","1","") | CF38: =IF(T38="x","1","") | ... CH38: =IF(V38="x","1","") -> 1
A39: =IFERROR(__xludf.DUMMYFUNCTION("""COMPUTED_VALUE"""),"P271 II") -> P271 II | B39: =IFERROR(__xludf.DUMMYFUNCTION("""COMPUTED_VALUE"""),"Alexandre Brito da Silva") -> Alexandre Brito da Silva | C39: x | D39: =IFERROR(__xludf.DUMMYFUNCTION("""COMPUTED_VALUE"""),45716) -> 45716 | E39: =IF(ISBLANK(D39),"",TEXT(D39,"MMMM")) -> fevereiro | F39: =IFERROR(__xludf.DUMMYFUNCTION("""COMPUTED_VALUE"""),84) -> 84 | G39: =IFERROR(__xludf.DUMMYFUNCTION("""COMPUTED_VALUE"""),585) -> 585 | H39: =IF(ISBLANK(G39),"",F39*G39/1000) -> 49.14 | I39: =IF(ISBLANK(F39),"",IF(H39<5,200,IF(H39<10,300,IF(H39<20,500,IF(H39<30,750,IF(H39<50,1000,IF(H39<75,1500,IF(H39>75,2000)))))))) -> 1000 | J39: =IFERROR(__xludf.DUMMYFUNCTION("""COMPUTED_VALUE"""),98.6666666666666) -> 98.666667 | K39: FALSE | L39: =IF(K39=TRUE(),0,IF(C39="x",IF(ISBLANK(A39),"", I39*(J39/100)),"PENDENTE")) -> 986.66667 | M39: =IFERROR(__xludf.DUMMYFUNCTION("""COMPUTED_VALUE"""),"x") -> x | Q39: =IFERROR(__xludf.DUMMYFUNCTION("""COMPUTED_VALUE"""),"x") -> x | R39: =IFERROR(__xludf.DUMMYFUNCTION("""COMPUTED_VALUE"""),"x") -> x | S39: =IFERROR(__xludf.DUMMYFUNCTION("""COMPUTED_VALUE"""),"x") -> x | Z39: x | AA39: x | AB39: =COUNTA(M39:Y39) -> 4 | AC39: =IF(M39="x",M$1000*1,"")*BY39 -> 1.2 | AD39: =IF(N39="x",N$1000*1,"")*BZ39 -> #VALUE! | AE39: =IF(O39="x",O$1000*1,"")*CA39 -> #VALUE! | AF39: =IF(P39="x",P$1000*1,"")*CB39 -> #VALUE! | AG39: =IF(Q39="x",Q$1000*1,"")*CC39 -> 1 | AH39: =IF(R39="x",R$1000*1,"")*CD39 -> 1 | AI39: =IF(S39="x",S$1000*1,"")*CE39 -> 1.1 | AJ39: =IF(T39="x",T$1000*1,"")*CF39 -> #VALUE! | ... AQ39: =IF(AA39="x",AA$1000*1,"")*CM39 -> 0 | AR39: =SUM(AC39:AQ39) -> #VALUE! | AS39: =IFERROR(L39/AR39,"") | AT39: =IFERROR(__xludf.DUMMYFUNCTION("""COMPUTED_VALUE"""),10) -> 10 | AU39: =IFERROR(__xludf.DUMMYFUNCTION("""COMPUTED_VALUE"""),"") | AV39: =IFERROR(__xludf.DUMMYFUNCTION("""COMPUTED_VALUE"""),"") | AW39: =IFERROR(__xludf.DUMMYFUNCTION("""COMPUTED_VALUE"""),"") | AX39: =IFERROR(__xludf.DUMMYFUNCTION("""COMPUTED_VALUE"""),10) -> 10 | AY39: =IFERROR(__xludf.DUMMYFUNCTION("""COMPUTED_VALUE"""),10) -> 10 | AZ39: =IFERROR(__xludf.DUMMYFUNCTION("""COMPUTED_VALUE"""),10) -> 10 | BA39: =IFERROR(__xludf.DUMMYFUNCTION("""COMPUTED_VALUE"""),"") | BB39: =IFERROR(__xludf.DUMMYFUNCTION("""COMPUTED_VALUE"""),"") | BC39: =IFERROR(__xludf.DUMMYFUNCTION("""COMPUTED_VALUE"""),"") | BD39: =IFERROR(__xludf.DUMMYFUNCTION("""COMPUTED_VALUE"""),"") | BF39: =IFERROR(__xludf.DUMMYFUNCTION("""COMPUTED_VALUE"""),"") | BG39: =IFERROR(__xludf.DUMMYFUNCTION("""COMPUTED_VALUE"""),10) -> 10 | BH39: =IFERROR(__xludf.DUMMYFUNCTION("""COMPUTED_VALUE"""),5.5) -> 5.5 | BI39: =IF(AC39=0,"",AC39*$AS39*(AT39/10)) -> #VALUE! | BJ39: =IF(AD39=0,"",AD39*$AS39*(AU39/10)) -> #VALUE! | BK39: =IF(AE39=0,"",AE39*$AS39*(AV39/10)) -> #VALUE! | BL39: =IF(AF39=0,"",AF39*$AS39*(AW39/10)) -> #VALUE! | BM39: =IF(AG39=0,"",AG39*$AS39*(AX39/10)) -> #VALUE! | BN39: =IF(AH39=0,"",AH39*$AS39*(AY39/10)) -> #VALUE! | BO39: =IF(AI39=0,"",AI39*$AS39*(AZ39/10)) -> #VALUE! | BP39: =IF(AJ39=0,"",AJ39*$AS39*(BA39/10)) -> #VALUE! | ... BW39: =IF(AQ39=0,"",AQ39*$AS39*(BH39/10)) | BX39: =SUM(BI39:BW39) -> #VALUE! | BY39: =IF(M39="x","1","") -> 1 | BZ39: =IF(N39="x","1","") | CA39: =IF(O39="x","1","") | CB39: =IF(P39="x","1","") | CC39: =IF(Q39="x","1","") -> 1 | CD39: =IF(R39="x","1","") -> 1 | CE39: =IF(S39="x","1","") -> 1 | CF39: =IF(T39="x","1","") | ... CH39: =IF(V39="x","1","")
A40: =IFERROR(__xludf.DUMMYFUNCTION("""COMPUTED_VALUE"""),"P763") -> P763 | B40: =IFERROR(__xludf.DUMMYFUNCTION("""COMPUTED_VALUE"""),"Famáquinas III") -> Famáquinas III | C40: x | D40: =IFERROR(__xludf.DUMMYFUNCTION("""COMPUTED_VALUE"""),45723) -> 45723 | E40: Março | F40: =IFERROR(__xludf.DUMMYFUNCTION("""COMPUTED_VALUE"""),12) -> 12 | G40: =IFERROR(__xludf.DUMMYFUNCTION("""COMPUTED_VALUE"""),585) -> 585 | H40: =IF(ISBLANK(G40),"",F40*G40/1000) -> 7.02 | I40: =IF(ISBLANK(F40),"",IF(H40<5,200,IF(H40<10,300,IF(H40<20,500,IF(H40<30,750,IF(H40<50,1000,IF(H40<75,1500,IF(H40>75,2000)))))))) -> 300 | J40: =IFERROR(__xludf.DUMMYFUNCTION("""COMPUTED_VALUE"""),95) -> 95 | K40: FALSE | L40: =IF(K40=TRUE(),0,IF(C40="x",IF(ISBLANK(A40),"", I40*(J40/100)),"PENDENTE")) -> 285 | O40: =IFERROR(__xludf.DUMMYFUNCTION("""COMPUTED_VALUE"""),"x") -> x | P40: =IFERROR(__xludf.DUMMYFUNCTION("""COMPUTED_VALUE"""),"x") -> x | T40: =IFERROR(__xludf.DUMMYFUNCTION("""COMPUTED_VALUE"""),"x") -> x | Z40: x | AA40: x | AB40: =COUNTA(M40:Y40) -> 3 | AC40: =IF(M40="x",M$1000*1,"")*BY40 -> #VALUE! | AD40: =IF(N40="x",N$1000*1,"")*BZ40 -> #VALUE! | AE40: =IF(O40="x",O$1000*1,"")*CA40 -> 1 | AF40: =IF(P40="x",P$1000*1,"")*CB40 -> 1.2 | AG40: =IF(Q40="x",Q$1000*1,"")*CC40 -> #VALUE! | AH40: =IF(R40="x",R$1000*1,"")*CD40 -> #VALUE! | AI40: =IF(S40="x",S$1000*1,"")*CE40 -> #VALUE! | AJ40: =IF(T40="x",T$1000*1,"")*CF40 -> 1 | ... AQ40: =IF(AA40="x",AA$1000*1,"")*CM40 -> 0 | AR40: =SUM(AC40:AQ40) -> #VALUE! | AS40: =IFERROR(L40/AR40,"") | AT40: =IFERROR(__xludf.DUMMYFUNCTION("""COMPUTED_VALUE"""),"") | AU40: =IFERROR(__xludf.DUMMYFUNCTION("""COMPUTED_VALUE"""),10) -> 10 | AV40: =IFERROR(__xludf.DUMMYFUNCTION("""COMPUTED_VALUE"""),10) -> 10 | AW40: =IFERROR(__xludf.DUMMYFUNCTION("""COMPUTED_VALUE"""),10) -> 10 | AX40: =IFERROR(__xludf.DUMMYFUNCTION("""COMPUTED_VALUE"""),8) -> 8 | AY40: =IFERROR(__xludf.DUMMYFUNCTION("""COMPUTED_VALUE"""),"") | AZ40: =IFERROR(__xludf.DUMMYFUNCTION("""COMPUTED_VALUE"""),"") | BA40: =IFERROR(__xludf.DUMMYFUNCTION("""COMPUTED_VALUE"""),10) -> 10 | BB40: =IFERROR(__xludf.DUMMYFUNCTION("""COMPUTED_VALUE"""),"") | BC40: =IFERROR(__xludf.DUMMYFUNCTION("""COMPUTED_VALUE"""),"") | BD40: =IFERROR(__xludf.DUMMYFUNCTION("""COMPUTED_VALUE"""),"") | BF40: =IFERROR(__xludf.DUMMYFUNCTION("""COMPUTED_VALUE"""),"") | BG40: =IFERROR(__xludf.DUMMYFUNCTION("""COMPUTED_VALUE"""),10) -> 10 | BH40: =IFERROR(__xludf.DUMMYFUNCTION("""COMPUTED_VALUE"""),10) -> 10 | BI40: =IF(AC40=0,"",AC40*$AS40*(AT40/10)) -> #VALUE! | BJ40: =IF(AD40=0,"",AD40*$AS40*(AU40/10)) -> #VALUE! | BK40: =IF(AE40=0,"",AE40*$AS40*(AV40/10)) -> #VALUE! | BL40: =IF(AF40=0,"",AF40*$AS40*(AW40/10)) -> #VALUE! | BM40: =IF(AG40=0,"",AG40*$AS40*(AX40/10)) -> #VALUE! | BN40: =IF(AH40=0,"",AH40*$AS40*(AY40/10)) -> #VALUE! | BO40: =IF(AI40=0,"",AI40*$AS40*(AZ40/10)) -> #VALUE! | BP40: =IF(AJ40=0,"",AJ40*$AS40*(BA40/10)) -> #VALUE! | ... BW40: =IF(AQ40=0,"",AQ40*$AS40*(BH40/10)) | BX40: =SUM(BI40:BW40) -> #VALUE! | BY40: =IF(M40="x","1","") | BZ40: =IF(N40="x","1","") | CA40: =IF(O40="x","1","") -> 1 | CB40: =IF(P40="x","1","") -> 1 | CC40: =IF(Q40="x","1","") | CD40: =IF(R40="x","1","") | CE40: =IF(S40="x","1","") | CF40: =IF(T40="x","1","") -> 1 | ... CH40: =IF(V40="x","1","")
A41: =IFERROR(__xludf.DUMMYFUNCTION("""COMPUTED_VALUE"""),"P745") -> P745 | B41: =IFERROR(__xludf.DUMMYFUNCTION("""COMPUTED_VALUE"""),"Sidnei Gama") -> Sidnei Gama | C41: x | D41: =IFERROR(__xludf.DUMMYFUNCTION("""COMPUTED_VALUE"""),45728) -> 45728 | E41: =IF(ISBLANK(D41),"",TEXT(D41,"MMMM")) -> março | F41: =IFERROR(__xludf.DUMMYFUNCTION("""COMPUTED_VALUE"""),8) -> 8 | G41: =IFERROR(__xludf.DUMMYFUNCTION("""COMPUTED_VALUE"""),600) -> 600 | H41: =IF(ISBLANK(G41),"",F41*G41/1000) -> 4.8 | I41: =IF(ISBLANK(F41),"",IF(H41<5,200,IF(H41<10,300,IF(H41<20,500,IF(H41<30,750,IF(H41<50,1000,IF(H41<75,1500,IF(H41>75,2000)))))))) -> 200 | J41: =IFERROR(__xludf.DUMMYFUNCTION("""COMPUTED_VALUE"""),98.0864197530864) -> 98.08642 | K41: FALSE | L41: =IF(K41=TRUE(),0,IF(C41="x",IF(ISBLANK(A41),"", I41*(J41/100)),"PENDENTE")) -> 196.17284 | M41: =IFERROR(__xludf.DUMMYFUNCTION("""COMPUTED_VALUE"""),"x") -> x | Q41: =IFERROR(__xludf.DUMMYFUNCTION("""COMPUTED_VALUE"""),"x") -> x | R41: =IFERROR(__xludf.DUMMYFUNCTION("""COMPUTED_VALUE"""),"x") -> x | S41: =IFERROR(__xludf.DUMMYFUNCTION("""COMPUTED_VALUE"""),"x") -> x | Z41: x | AA41: x | AB41: =COUNTA(M41:Y41) -> 4 | AC41: =IF(M41="x",M$1000*1,"")*BY41 -> 1.2 | AD41: =IF(N41="x",N$1000*1,"")*BZ41 -> #VALUE! | AE41: =IF(O41="x",O$1000*1,"")*CA41 -> #VALUE! | AF41: =IF(P41="x",P$1000*1,"")*CB41 -> #VALUE! | AG41: =IF(Q41="x",Q$1000*1,"")*CC41 -> 1 | AH41: =IF(R41="x",R$1000*1,"")*CD41 -> 1 | AI41: =IF(S41="x",S$1000*1,"")*CE41 -> 1.1 | AJ41: =IF(T41="x",T$1000*1,"")*CF41 -> #VALUE! | ... AQ41: =IF(AA41="x",AA$1000*1,"")*CM41 -> 0 | AR41: =SUM(AC41:AQ41) -> #VALUE! | AS41: =IFERROR(L41/AR41,"") | AT41: =IFERROR(__xludf.DUMMYFUNCTION("""COMPUTED_VALUE"""),10) -> 10 | AU41: =IFERROR(__xludf.DUMMYFUNCTION("""COMPUTED_VALUE"""),"") | AV41: =IFERROR(__xludf.DUMMYFUNCTION("""COMPUTED_VALUE"""),"") | AW41: =IFERROR(__xludf.DUMMYFUNCTION("""COMPUTED_VALUE"""),"") | AX41: =IFERROR(__xludf.DUMMYFUNCTION("""COMPUTED_VALUE"""),10) -> 10 | AY41: =IFERROR(__xludf.DUMMYFUNCTION("""COMPUTED_VALUE"""),10) -> 10 | AZ41: =IFERROR(__xludf.DUMMYFUNCTION("""COMPUTED_VALUE"""),10) -> 10 | BA41: =IFERROR(__xludf.DUMMYFUNCTION("""COMPUTED_VALUE"""),"") | BB41: =IFERROR(__xludf.DUMMYFUNCTION("""COMPUTED_VALUE"""),"") | BC41: =IFERROR(__xludf.DUMMYFUNCTION("""COMPUTED_VALUE"""),"") | BD41: =IFERROR(__xludf.DUMMYFUNCTION("""COMPUTED_VALUE"""),"") | BF41: =IFERROR(__xludf.DUMMYFUNCTION("""COMPUTED_VALUE"""),"") | BG41: =IFERROR(__xludf.DUMMYFUNCTION("""COMPUTED_VALUE"""),10) -> 10 | BH41: =IFERROR(__xludf.DUMMYFUNCTION("""COMPUTED_VALUE"""),9.25) -> 9.25 | BI41: =IF(AC41=0,"",AC41*$AS41*(AT41/10)) -> #VALUE! | BJ41: =IF(AD41=0,"",AD41*$AS41*(AU41/10)) -> #VALUE! | BK41: =IF(AE41=0,"",AE41*$AS41*(AV41/10)) -> #VALUE! | BL41: =IF(AF41=0,"",AF41*$AS41*(AW41/10)) -> #VALUE! | BM41: =IF(AG41=0,"",AG41*$AS41*(AX41/10)) -> #VALUE! | BN41: =IF(AH41=0,"",AH41*$AS41*(AY41/10)) -> #VALUE! | BO41: =IF(AI41=0,"",AI41*$AS41*(AZ41/10)) -> #VALUE! | BP41: =IF(AJ41=0,"",AJ41*$AS41*(BA41/10)) -> #VALUE! | ... BW41: =IF(AQ41=0,"",AQ41*$AS41*(BH41/10)) | BX41: =SUM(BI41:BW41) -> #VALUE! | BY41: =IF(M41="x","1","") -> 1 | BZ41: =IF(N41="x","1","") | CA41: =IF(O41="x","1","") | CB41: =IF(P41="x","1","") | CC41: =IF(Q41="x","1","") -> 1 | CD41: =IF(R41="x","1","") -> 1 | CE41: =IF(S41="x","1","") -> 1 | CF41: =IF(T41="x","1","") | ... CH41: =IF(V41="x","1","")
A42: =IFERROR(__xludf.DUMMYFUNCTION("""COMPUTED_VALUE"""),"P727") -> P727 | B42: =IFERROR(__xludf.DUMMYFUNCTION("""COMPUTED_VALUE"""),"Alessandro da Silva Florencio") -> Alessandro da Silva Florencio | C42: x | D42: =IFERROR(__xludf.DUMMYFUNCTION("""COMPUTED_VALUE"""),45728) -> 45728 | E42: =IF(ISBLANK(D42),"",TEXT(D42,"MMMM")) -> março | F42: =IFERROR(__xludf.DUMMYFUNCTION("""COMPUTED_VALUE"""),8) -> 8 | G42: =IFERROR(__xludf.DUMMYFUNCTION("""COMPUTED_VALUE"""),600) -> 600 | H42: =IF(ISBLANK(G42),"",F42*G42/1000) -> 4.8 | I42: =IF(ISBLANK(F42),"",IF(H42<5,200,IF(H42<10,300,IF(H42<20,500,IF(H42<30,750,IF(H42<50,1000,IF(H42<75,1500,IF(H42>75,2000)))))))) -> 200 | J42: =IFERROR(__xludf.DUMMYFUNCTION("""COMPUTED_VALUE"""),58.8888888888888) -> 58.888889 | K42: FALSE | L42: =IF(K42=TRUE(),0,IF(C42="x",IF(ISBLANK(A42),"", I42*(J42/100)),"PENDENTE")) -> 117.77778 | M42: =IFERROR(__xludf.DUMMYFUNCTION("""COMPUTED_VALUE"""),"x") -> x | Q42: =IFERROR(__xludf.DUMMYFUNCTION("""COMPUTED_VALUE"""),"x") -> x | R42: =IFERROR(__xludf.DUMMYFUNCTION("""COMPUTED_VALUE"""),"x") -> x | S42: =IFERROR(__xludf.DUMMYFUNCTION("""COMPUTED_VALUE"""),"x") -> x | Z42: x | AA42: x | AB42: =COUNTA(M42:Y42) -> 4 | AC42: =IF(M42="x",M$1000*1,"")*BY42 -> 1.2 | AD42: =IF(N42="x",N$1000*1,"")*BZ42 -> #VALUE! | AE42: =IF(O42="x",O$1000*1,"")*CA42 -> #VALUE! | AF42: =IF(P42="x",P$1000*1,"")*CB42 -> #VALUE! | AG42: =IF(Q42="x",Q$1000*1,"")*CC42 -> 1 | AH42: =IF(R42="x",R$1000*1,"")*CD42 -> 1 | AI42: =IF(S42="x",S$1000*1,"")*CE42 -> 1.1 | AJ42: =IF(T42="x",T$1000*1,"")*CF42 -> #VALUE! | ... AQ42: =IF(AA42="x",AA$1000*1,"")*CM42 -> 0 | AR42: =SUM(AC42:AQ42) -> #VALUE! | AS42: =IFERROR(L42/AR42,"") | AT42: =IFERROR(__xludf.DUMMYFUNCTION("""COMPUTED_VALUE"""),10) -> 10 | AU42: =IFERROR(__xludf.DUMMYFUNCTION("""COMPUTED_VALUE"""),"") | AV42: =IFERROR(__xludf.DUMMYFUNCTION("""COMPUTED_VALUE"""),"") | AW42: =IFERROR(__xludf.DUMMYFUNCTION("""COMPUTED_VALUE"""),"") | AX42: =IFERROR(__xludf.DUMMYFUNCTION("""COMPUTED_VALUE"""),10) -> 10 | AY42: =IFERROR(__xludf.DUMMYFUNCTION("""COMPUTED_VALUE"""),10) -> 10 | AZ42: =IFERROR(__xludf.DUMMYFUNCTION("""COMPUTED_VALUE"""),10) -> 10 | BA42: =IFERROR(__xludf.DUMMYFUNCTION("""COMPUTED_VALUE"""),"") | BB42: =IFERROR(__xludf.DUMMYFUNCTION("""COMPUTED_VALUE"""),"") | BC42: =IFERROR(__xludf.DUMMYFUNCTION("""COMPUTED_VALUE"""),"") | BD42: =IFERROR(__xludf.DUMMYFUNCTION("""COMPUTED_VALUE"""),"") | BF42: =IFERROR(__xludf.DUMMYFUNCTION("""COMPUTED_VALUE"""),"") | BG42: =IFERROR(__xludf.DUMMYFUNCTION("""COMPUTED_VALUE"""),9.75) -> 9.75 | BH42: =IFERROR(__xludf.DUMMYFUNCTION("""COMPUTED_VALUE"""),9.5) -> 9.5 | BI42: =IF(AC42=0,"",AC42*$AS42*(AT42/10)) -> #VALUE! | BJ42: =IF(AD42=0,"",AD42*$AS42*(AU42/10)) -> #VALUE! | BK42: =IF(AE42=0,"",AE42*$AS42*(AV42/10)) -> #VALUE! | BL42: =IF(AF42=0,"",AF42*$AS42*(AW42/10)) -> #VALUE! | BM42: =IF(AG42=0,"",AG42*$AS42*(AX42/10)) -> #VALUE! | BN42: =IF(AH42=0,"",AH42*$AS42*(AY42/10)) -> #VALUE! | BO42: =IF(AI42=0,"",AI42*$AS42*(AZ42/10)) -> #VALUE! | BP42: =IF(AJ42=0,"",AJ42*$AS42*(BA42/10)) -> #VALUE! | ... BW42: =IF(AQ42=0,"",AQ42*$AS42*(BH42/10)) | BX42: =SUM(BI42:BW42) -> #VALUE! | BY42: =IF(M42="x","1","") -> 1 | BZ42: =IF(N42="x","1","") | CA42: =IF(O42="x","1","") | CB42: =IF(P42="x","1","") | CC42: =IF(Q42="x","1","") -> 1 | CD42: =IF(R42="x","1","") -> 1 | CE42: =IF(S42="x","1","") -> 1 | CF42: =IF(T42="x","1","") | ... CH42: =IF(V42="x","1","")
A43: =IFERROR(__xludf.DUMMYFUNCTION("""COMPUTED_VALUE"""),"P326-II") -> P326-II | B43: =IFERROR(__xludf.DUMMYFUNCTION("""COMPUTED_VALUE"""),"Breno Abreu") -> Breno Abreu | C43: x | D43: =IFERROR(__xludf.DUMMYFUNCTION("""COMPUTED_VALUE"""),45729) -> 45729 | E43: =IF(ISBLANK(D43),"",TEXT(D43,"MMMM")) -> março | F43: =IFERROR(__xludf.DUMMYFUNCTION("""COMPUTED_VALUE"""),4) -> 4 | G43: =IFERROR(__xludf.DUMMYFUNCTION("""COMPUTED_VALUE"""),550) -> 550 | H43: =IF(ISBLANK(G43),"",F43*G43/1000) -> 2.2 | I43: =IF(ISBLANK(F43),"",IF(H43<5,200,IF(H43<10,300,IF(H43<20,500,IF(H43<30,750,IF(H43<50,1000,IF(H43<75,1500,IF(H43>75,2000)))))))) -> 200 | J43: =IFERROR(__xludf.DUMMYFUNCTION("""COMPUTED_VALUE"""),100) -> 100 | K43: FALSE | L43: =IF(K43=TRUE(),0,IF(C43="x",IF(ISBLANK(A43),"", I43*(J43/100)),"PENDENTE")) -> 200 | Z43: x | AA43: x | AB43: =COUNTA(M43:Y43) -> 0 | AC43: =IF(M43="x",M$1000*1,"")*BY43 -> #VALUE! | AD43: =IF(N43="x",N$1000*1,"")*BZ43 -> #VALUE! | AE43: =IF(O43="x",O$1000*1,"")*CA43 -> #VALUE! | AF43: =IF(P43="x",P$1000*1,"")*CB43 -> #VALUE! | AG43: =IF(Q43="x",Q$1000*1,"")*CC43 -> #VALUE! | AH43: =IF(R43="x",R$1000*1,"")*CD43 -> #VALUE! | AI43: =IF(S43="x",S$1000*1,"")*CE43 -> #VALUE! | AJ43: =IF(T43="x",T$1000*1,"")*CF43 -> #VALUE! | ... AQ43: =IF(AA43="x",AA$1000*1,"")*CM43 -> 0 | AR43: =SUM(AC43:AQ43) -> #VALUE! | AS43: =IFERROR(L43/AR43,"") | AT43: =IFERROR(__xludf.DUMMYFUNCTION("""COMPUTED_VALUE"""),"") | AU43: =IFERROR(__xludf.DUMMYFUNCTION("""COMPUTED_VALUE"""),"") | AV43: =IFERROR(__xludf.DUMMYFUNCTION("""COMPUTED_VALUE"""),"") | AW43: =IFERROR(__xludf.DUMMYFUNCTION("""COMPUTED_VALUE"""),"") | AX43: =IFERROR(__xludf.DUMMYFUNCTION("""COMPUTED_VALUE"""),"") | AY43: =IFERROR(__xludf.DUMMYFUNCTION("""COMPUTED_VALUE"""),"") | AZ43: =IFERROR(__xludf.DUMMYFUNCTION("""COMPUTED_VALUE"""),"") | BA43: =IFERROR(__xludf.DUMMYFUNCTION("""COMPUTED_VALUE"""),"") | ... BD43: =IFERROR(__xludf.DUMMYFUNCTION("""COMPUTED_VALUE"""),"") | BF43: =IFERROR(__xludf.DUMMYFUNCTION("""COMPUTED_VALUE"""),"") | BG43: =IFERROR(__xludf.DUMMYFUNCTION("""COMPUTED_VALUE"""),"") | BH43: =IFERROR(__xludf.DUMMYFUNCTION("""COMPUTED_VALUE"""),"") | BI43: =IF(AC43=0,"",AC43*$AS43*(AT43/10)) -> #VALUE! | BJ43: =IF(AD43=0,"",AD43*$AS43*(AU43/10)) -> #VALUE! | BK43: =IF(AE43=0,"",AE43*$AS43*(AV43/10)) -> #VALUE! | BL43: =IF(AF43=0,"",AF43*$AS43*(AW43/10)) -> #VALUE! | BM43: =IF(AG43=0,"",AG43*$AS43*(AX43/10)) -> #VALUE! | BN43: =IF(AH43=0,"",AH43*$AS43*(AY43/10)) -> #VALUE! | BO43: =IF(AI43=0,"",AI43*$AS43*(AZ43/10)) -> #VALUE! | BP43: =IF(AJ43=0,"",AJ43*$AS43*(BA43/10)) -> #VALUE! | ... BW43: =IF(AQ43=0,"",AQ43*$AS43*(BH43/10)) | BX43: =SUM(BI43:BW43) -> #VALUE! | BY43: =IF(M43="x","1","") | BZ43: =IF(N43="x","1","") | CA43: =IF(O43="x","1","") | CB43: =IF(P43="x","1","") | CC43: =IF(Q43="x","1","") | CD43: =IF(R43="x","1","") | CE43: =IF(S43="x","1","") | CF43: =IF(T43="x","1","") | ... CH43: =IF(V43="x","1","")
A44: =IFERROR(__xludf.DUMMYFUNCTION("""COMPUTED_VALUE"""),"P713") -> P713 | B44: =IFERROR(__xludf.DUMMYFUNCTION("""COMPUTED_VALUE"""),"José Geraldo da Silva") -> José Geraldo da Silva | C44: x | D44: =IFERROR(__xludf.DUMMYFUNCTION("""COMPUTED_VALUE"""),45733) -> 45733 | E44: =IF(ISBLANK(D44),"",TEXT(D44,"MMMM")) -> março | F44: =IFERROR(__xludf.DUMMYFUNCTION("""COMPUTED_VALUE"""),17) -> 17 | G44: =IFERROR(__xludf.DUMMYFUNCTION("""COMPUTED_VALUE"""),550) -> 550 | H44: =IF(ISBLANK(G44),"",F44*G44/1000) -> 9.35 | I44: =IF(ISBLANK(F44),"",IF(H44<5,200,IF(H44<10,300,IF(H44<20,500,IF(H44<30,750,IF(H44<50,1000,IF(H44<75,1500,IF(H44>75,2000)))))))) -> 300 | J44: =IFERROR(__xludf.DUMMYFUNCTION("""COMPUTED_VALUE"""),96.1111111111111) -> 96.111111 | K44: FALSE | L44: =IF(K44=TRUE(),0,IF(C44="x",IF(ISBLANK(A44),"", I44*(J44/100)),"PENDENTE")) -> 288.33333 | M44: =IFERROR(__xludf.DUMMYFUNCTION("""COMPUTED_VALUE"""),"x") -> x | Q44: =IFERROR(__xludf.DUMMYFUNCTION("""COMPUTED_VALUE"""),"x") -> x | R44: =IFERROR(__xludf.DUMMYFUNCTION("""COMPUTED_VALUE"""),"x") -> x | S44: =IFERROR(__xludf.DUMMYFUNCTION("""COMPUTED_VALUE"""),"x") -> x | U44: =IFERROR(__xludf.DUMMYFUNCTION("""COMPUTED_VALUE"""),"x") -> x | Z44: x | AA44: x | AB44: =COUNTA(M44:Y44) -> 5 | AC44: =IF(M44="x",M$1000*1,"")*BY44 -> 1.2 | AD44: =IF(N44="x",N$1000*1,"")*BZ44 -> #VALUE! | AE44: =IF(O44="x",O$1000*1,"")*CA44 -> #VALUE! | AF44: =IF(P44="x",P$1000*1,"")*CB44 -> #VALUE! | AG44: =IF(Q44="x",Q$1000*1,"")*CC44 -> 1 | AH44: =IF(R44="x",R$1000*1,"")*CD44 -> 1 | AI44: =IF(S44="x",S$1000*1,"")*CE44 -> 1.1 | AJ44: =IF(T44="x",T$1000*1,"")*CF44 -> #VALUE! | ... AQ44: =IF(AA44="x",AA$1000*1,"")*CM44 -> 0 | AR44: =SUM(AC44:AQ44) -> #VALUE! | AS44: =IFERROR(L44/AR44,"") | AT44: =IFERROR(__xludf.DUMMYFUNCTION("""COMPUTED_VALUE"""),10) -> 10 | AU44: =IFERROR(__xludf.DUMMYFUNCTION("""COMPUTED_VALUE"""),"") | AV44: =IFERROR(__xludf.DUMMYFUNCTION("""COMPUTED_VALUE"""),"") | AW44: =IFERROR(__xludf.DUMMYFUNCTION("""COMPUTED_VALUE"""),"") | AX44: =IFERROR(__xludf.DUMMYFUNCTION("""COMPUTED_VALUE"""),10) -> 10 | AY44: =IFERROR(__xludf.DUMMYFUNCTION("""COMPUTED_VALUE"""),10) -> 10 | AZ44: =IFERROR(__xludf.DUMMYFUNCTION("""COMPUTED_VALUE"""),10) -> 10 | BA44: =IFERROR(__xludf.DUMMYFUNCTION("""COMPUTED_VALUE"""),"") | BB44: =IFERROR(__xludf.DUMMYFUNCTION("""COMPUTED_VALUE"""),10) -> 10 | BC44: =IFERROR(__xludf.DUMMYFUNCTION("""COMPUTED_VALUE"""),"") | BD44: =IFERROR(__xludf.DUMMYFUNCTION("""COMPUTED_VALUE"""),"") | BF44: =IFERROR(__xludf.DUMMYFUNCTION("""COMPUTED_VALUE"""),"") | BG44: =IFERROR(__xludf.DUMMYFUNCTION("""COMPUTED_VALUE"""),9.25) -> 9.25 | BH44: =IFERROR(__xludf.DUMMYFUNCTION("""COMPUTED_VALUE"""),8.6) -> 8.6 | BI44: =IF(AC44=0,"",AC44*$AS44*(AT44/10)) -> #VALUE! | BK44: =IF(AE44=0,"",AE44*$AS44*(AV44/10)) -> #VALUE! | BL44: =IF(AF44=0,"",AF44*$AS44*(AW44/10)) -> #VALUE! | BM44: =IF(AG44=0,"",AG44*$AS44*(AX44/10)) -> #VALUE! | BN44: =IF(AH44=0,"",AH44*$AS44*(AY44/10)) -> #VALUE! | BO44: =IF(AI44=0,"",AI44*$AS44*(AZ44/10)) -> #VALUE! | BP44: =IF(AJ44=0,"",AJ44*$AS44*(BA44/10)) -> #VALUE! | BQ44: =IF(AK44=0,"",AK44*$AS44*(BB44/10)) -> #VALUE! | BR44: =IF(AL44=0,"",AL44*$AS44*(BC44/10)) -> #VALUE! | ... BW44: =IF(AQ44=0,"",AQ44*$AS44*(BH44/10)) | BX44: =SUM(BI44:BW44) -> #VALUE! | BY44: =IF(M44="x","1","") -> 1 | BZ44: =IF(N44="x","1","") | CA44: =IF(O44="x","1","") | CB44: =IF(P44="x","1","") | CC44: =IF(Q44="x","1","") -> 1 | CD44: =IF(R44="x","1","") -> 1 | CE44: =IF(S44="x","1","") -> 1 | CF44: =IF(T44="x","1","") | ... CH44: =IF(V44="x","1","")
A45: =IFERROR(__xludf.DUMMYFUNCTION("""COMPUTED_VALUE"""),"P799") -> P799 | B45: =IFERROR(__xludf.DUMMYFUNCTION("""COMPUTED_VALUE"""),"Valdemir de Jesus ") -> Valdemir de Jesus | C45: x | D45: =IFERROR(__xludf.DUMMYFUNCTION("""COMPUTED_VALUE"""),45736) -> 45736 | E45: =IF(ISBLANK(D45),"",TEXT(D45,"MMMM")) -> março | F45: =IFERROR(__xludf.DUMMYFUNCTION("""COMPUTED_VALUE"""),16) -> 16 | G45: =IFERROR(__xludf.DUMMYFUNCTION("""COMPUTED_VALUE"""),570) -> 570 | H45: =IF(ISBLANK(G45),"",F45*G45/1000) -> 9.12 | I45: =IF(ISBLANK(F45),"",IF(H45<5,200,IF(H45<10,300,IF(H45<20,500,IF(H45<30,750,IF(H45<50,1000,IF(H45<75,1500,IF(H45>75,2000)))))))) -> 300 | J45: =IFERROR(__xludf.DUMMYFUNCTION("""COMPUTED_VALUE"""),98.0864197530864) -> 98.08642 | K45: FALSE | L45: =IF(K45=TRUE(),0,IF(C45="x",IF(ISBLANK(A45),"", I45*(J45/100)),"PENDENTE")) -> 294.25926 | M45: =IFERROR(__xludf.DUMMYFUNCTION("""COMPUTED_VALUE"""),"x") -> x | Q45: =IFERROR(__xludf.DUMMYFUNCTION("""COMPUTED_VALUE"""),"x") -> x | R45: =IFERROR(__xludf.DUMMYFUNCTION("""COMPUTED_VALUE"""),"x") -> x | S45: =IFERROR(__xludf.DUMMYFUNCTION("""COMPUTED_VALUE"""),"x") -> x | Z45: x | AA45: x | AB45: =COUNTA(M45:Y45) -> 4 | AC45: =IF(M45="x",M$1000*1,"")*BY45 -> 1.2 | AD45: =IF(N45="x",N$1000*1,"")*BZ45 -> #VALUE! | AE45: =IF(O45="x",O$1000*1,"")*CA45 -> #VALUE! | AF45: =IF(P45="x",P$1000*1,"")*CB45 -> #VALUE! | AG45: =IF(Q45="x",Q$1000*1,"")*CC45 -> 1 | AH45: =IF(R45="x",R$1000*1,"")*CD45 -> 1 | AI45: =IF(S45="x",S$1000*1,"")*CE45 -> 1.1 | AJ45: =IF(T45="x",T$1000*1,"")*CF45 -> #VALUE! | ... AQ45: =IF(AA45="x",AA$1000*1,"")*CM45 -> 0 | AR45: =SUM(AC45:AQ45) -> #VALUE! | AS45: =IFERROR(L45/AR45,"") | AT45: =IFERROR(__xludf.DUMMYFUNCTION("""COMPUTED_VALUE"""),10) -> 10 | AU45: =IFERROR(__xludf.DUMMYFUNCTION("""COMPUTED_VALUE"""),"") | AV45: =IFERROR(__xludf.DUMMYFUNCTION("""COMPUTED_VALUE"""),"") | AW45: =IFERROR(__xludf.DUMMYFUNCTION("""COMPUTED_VALUE"""),"") | AX45: =IFERROR(__xludf.DUMMYFUNCTION("""COMPUTED_VALUE"""),10) -> 10 | AY45: =IFERROR(__xludf.DUMMYFUNCTION("""COMPUTED_VALUE"""),10) -> 10 | AZ45: =IFERROR(__xludf.DUMMYFUNCTION("""COMPUTED_VALUE"""),10) -> 10 | BA45: =IFERROR(__xludf.DUMMYFUNCTION("""COMPUTED_VALUE"""),"") | BB45: =IFERROR(__xludf.DUMMYFUNCTION("""COMPUTED_VALUE"""),"") | BC45: =IFERROR(__xludf.DUMMYFUNCTION("""COMPUTED_VALUE"""),"") | BD45: =IFERROR(__xludf.DUMMYFUNCTION("""COMPUTED_VALUE"""),"") | BF45: =IFERROR(__xludf.DUMMYFUNCTION("""COMPUTED_VALUE"""),"") | BG45: =IFERROR(__xludf.DUMMYFUNCTION("""COMPUTED_VALUE"""),9.75) -> 9.75 | BH45: =IFERROR(__xludf.DUMMYFUNCTION("""COMPUTED_VALUE"""),9.75) -> 9.75 | BI45: =IF(AC45=0,"",AC45*$AS45*(AT45/10)) -> #VALUE! | BJ45: =IF(AD45=0,"",AD45*$AS45*(AU45/10)) -> #VALUE! | BK45: =IF(AE45=0,"",AE45*$AS45*(AV45/10)) -> #VALUE! | BL45: =IF(AF45=0,"",AF45*$AS45*(AW45/10)) -> #VALUE! | BM45: =IF(AG45=0,"",AG45*$AS45*(AX45/10)) -> #VALUE! | BN45: =IF(AH45=0,"",AH45*$AS45*(AY45/10)) -> #VALUE! | BO45: =IF(AI45=0,"",AI45*$AS45*(AZ45/10)) -> #VALUE! | BP45: =IF(AJ45=0,"",AJ45*$AS45*(BA45/10)) -> #VALUE! | ... BW45: =IF(AQ45=0,"",AQ45*$AS45*(BH45/10)) | BX45: =SUM(BI45:BW45) -> #VALUE! | BY45: =IF(M45="x","1","") -> 1 | BZ45: =IF(N45="x","1","") | CA45: =IF(O45="x","1","") | CB45: =IF(P45="x","1","") | CC45: =IF(Q45="x","1","") -> 1 | CD45: =IF(R45="x","1","") -> 1 | CE45: =IF(S45="x","1","") -> 1 | CF45: =IF(T45="x","1","") | ... CH45: =IF(V45="x","1","")
A46: =IFERROR(__xludf.DUMMYFUNCTION("""COMPUTED_VALUE"""),"P785") -> P785 | B46: =IFERROR(__xludf.DUMMYFUNCTION("""COMPUTED_VALUE"""),"Clair Ribeiro") -> Clair Ribeiro | C46: x | D46: =IFERROR(__xludf.DUMMYFUNCTION("""COMPUTED_VALUE"""),45730) -> 45730 | E46: =IF(ISBLANK(D46),"",TEXT(D46,"MMMM")) -> março | F46: =IFERROR(__xludf.DUMMYFUNCTION("""COMPUTED_VALUE"""),102) -> 102 | G46: =IFERROR(__xludf.DUMMYFUNCTION("""COMPUTED_VALUE"""),555) -> 555 | H46: =IF(ISBLANK(G46),"",F46*G46/1000) -> 56.61 | I46: =IF(ISBLANK(F46),"",IF(H46<5,200,IF(H46<10,300,IF(H46<20,500,IF(H46<30,750,IF(H46<50,1000,IF(H46<75,1500,IF(H46>75,2000)))))))) -> 1500 | J46: =IFERROR(__xludf.DUMMYFUNCTION("""COMPUTED_VALUE"""),97.4074074074074) -> 97.407407 | K46: FALSE | L46: =IF(K46=TRUE(),0,IF(C46="x",IF(ISBLANK(A46),"", I46*(J46/100)),"PENDENTE")) -> 1461.1111 | O46: =IFERROR(__xludf.DUMMYFUNCTION("""COMPUTED_VALUE"""),"x") -> x | P46: =IFERROR(__xludf.DUMMYFUNCTION("""COMPUTED_VALUE"""),"x") -> x | T46: =IFERROR(__xludf.DUMMYFUNCTION("""COMPUTED_VALUE"""),"x") -> x | Z46: x | AA46: x | AB46: =COUNTA(M46:Y46) -> 3 | AC46: =IF(M46="x",M$1000*1,"")*BY46 -> #VALUE! | AD46: =IF(N46="x",N$1000*1,"")*BZ46 -> #VALUE! | AE46: =IF(O46="x",O$1000*1,"")*CA46 -> 1 | AF46: =IF(P46="x",P$1000*1,"")*CB46 -> 1.2 | AG46: =IF(Q46="x",Q$1000*1,"")*CC46 -> #VALUE! | AH46: =IF(R46="x",R$1000*1,"")*CD46 -> #VALUE! | AI46: =IF(S46="x",S$1000*1,"")*CE46 -> #VALUE! | AJ46: =IF(T46="x",T$1000*1,"")*CF46 -> 1 | ... AQ46: =IF(AA46="x",AA$1000*1,"")*CM46 -> 0 | AR46: =SUM(AC46:AQ46) -> #VALUE! | AS46: =IFERROR(L46/AR46,"") | AT46: =IFERROR(__xludf.DUMMYFUNCTION("""COMPUTED_VALUE"""),"") | AU46: =IFERROR(__xludf.DUMMYFUNCTION("""COMPUTED_VALUE"""),10) -> 10 | AV46: =IFERROR(__xludf.DUMMYFUNCTION("""COMPUTED_VALUE"""),10) -> 10 | AW46: =IFERROR(__xludf.DUMMYFUNCTION("""COMPUTED_VALUE"""),10) -> 10 | AX46: =IFERROR(__xludf.DUMMYFUNCTION("""COMPUTED_VALUE"""),10) -> 10 | AY46: =IFERROR(__xludf.DUMMYFUNCTION("""COMPUTED_VALUE"""),"") | AZ46: =IFERROR(__xludf.DUMMYFUNCTION("""COMPUTED_VALUE"""),"") | BA46: =IFERROR(__xludf.DUMMYFUNCTION("""COMPUTED_VALUE"""),10) -> 10 | BB46: =IFERROR(__xludf.DUMMYFUNCTION("""COMPUTED_VALUE"""),"") | BC46: =IFERROR(__xludf.DUMMYFUNCTION("""COMPUTED_VALUE"""),"") | BD46: =IFERROR(__xludf.DUMMYFUNCTION("""COMPUTED_VALUE"""),"") | BF46: =IFERROR(__xludf.DUMMYFUNCTION("""COMPUTED_VALUE"""),"") | BG46: =IFERROR(__xludf.DUMMYFUNCTION("""COMPUTED_VALUE"""),9.66666666666666) -> 9.6666667 | BH46: =IFERROR(__xludf.DUMMYFUNCTION("""COMPUTED_VALUE"""),10) -> 10 | BI46: =IF(AC46=0,"",AC46*$AS46*(AT46/10)) -> #VALUE! | BJ46: =IF(AD46=0,"",AD46*$AS46*(AU46/10)) -> #VALUE! | BK46: =IF(AE46=0,"",AE46*$AS46*(AV46/10)) -> #VALUE! | BL46: =IF(AF46=0,"",AF46*$AS46*(AW46/10)) -> #VALUE! | BM46: =IF(AG46=0,"",AG46*$AS46*(AX46/10)) -> #VALUE! | BN46: =IF(AH46=0,"",AH46*$AS46*(AY46/10)) -> #VALUE! | BO46: =IF(AI46=0,"",AI46*$AS46*(AZ46/10)) -> #VALUE! | BP46: =IF(AJ46=0,"",AJ46*$AS46*(BA46/10)) -> #VALUE! | ... BW46: =IF(AQ46=0,"",AQ46*$AS46*(BH46/10)) | BX46: =SUM(BI46:BW46) -> #VALUE! | BY46: =IF(M46="x","1","") | BZ46: =IF(N46="x","1","") | CA46: =IF(O46="x","1","") -> 1 | CB46: =IF(P46="x","1","") -> 1 | CC46: =IF(Q46="x","1","") | CD46: =IF(R46="x","1","") | CE46: =IF(S46="x","1","") | CF46: =IF(T46="x","1","") -> 1 | ... CH46: =IF(V46="x","1","")
A47: =IFERROR(__xludf.DUMMYFUNCTION("""COMPUTED_VALUE"""),"P591") -> P591 | B47: =IFERROR(__xludf.DUMMYFUNCTION("""COMPUTED_VALUE"""),"UniFacig") -> UniFacig | C47: x | D47: =IFERROR(__xludf.DUMMYFUNCTION("""COMPUTED_VALUE"""),45735) -> 45735 | E47: =IF(ISBLANK(D47),"",TEXT(D47,"MMMM")) -> março | F47: =IFERROR(__xludf.DUMMYFUNCTION("""COMPUTED_VALUE"""),8) -> 8 | G47: =IFERROR(__xludf.DUMMYFUNCTION("""COMPUTED_VALUE"""),600) -> 600 | H47: =IF(ISBLANK(G47),"",F47*G47/1000) -> 4.8 | I47: =IF(ISBLANK(F47),"",IF(H47<5,200,IF(H47<10,300,IF(H47<20,500,IF(H47<30,750,IF(H47<50,1000,IF(H47<75,1500,IF(H47>75,2000)))))))) -> 200 | J47: =IFERROR(__xludf.DUMMYFUNCTION("""COMPUTED_VALUE"""),97.2962962962963) -> 97.296296 | K47: FALSE | L47: =IF(K47=TRUE(),0,IF(C47="x",IF(ISBLANK(A47),"", I47*(J47/100)),"PENDENTE")) -> 194.59259 | M47: =IFERROR(__xludf.DUMMYFUNCTION("""COMPUTED_VALUE"""),"x") -> x | Q47: =IFERROR(__xludf.DUMMYFUNCTION("""COMPUTED_VALUE"""),"x") -> x | R47: =IFERROR(__xludf.DUMMYFUNCTION("""COMPUTED_VALUE"""),"x") -> x | S47: =IFERROR(__xludf.DUMMYFUNCTION("""COMPUTED_VALUE"""),"x") -> x | Z47: x | AA47: x | AB47: =COUNTA(M47:Y47) -> 4 | AC47: =IF(M47="x",M$1000*1,"")*BY47 -> 1.2 | AD47: =IF(N47="x",N$1000*1,"")*BZ47 -> #VALUE! | AE47: =IF(O47="x",O$1000*1,"")*CA47 -> #VALUE! | AF47: =IF(P47="x",P$1000*1,"")*CB47 -> #VALUE! | AG47: =IF(Q47="x",Q$1000*1,"")*CC47 -> 1 | AH47: =IF(R47="x",R$1000*1,"")*CD47 -> 1 | AI47: =IF(S47="x",S$1000*1,"")*CE47 -> 1.1 | AJ47: =IF(T47="x",T$1000*1,"")*CF47 -> #VALUE! | ... AQ47: =IF(AA47="x",AA$1000*1,"")*CM47 -> 0 | AR47: =SUM(AC47:AQ47) -> #VALUE! | AS47: =IFERROR(L47/AR47,"") | AT47: =IFERROR(__xludf.DUMMYFUNCTION("""COMPUTED_VALUE"""),10) -> 10 | AU47: =IFERROR(__xludf.DUMMYFUNCTION("""COMPUTED_VALUE"""),"") | AV47: =IFERROR(__xludf.DUMMYFUNCTION("""COMPUTED_VALUE"""),"") | AW47: =IFERROR(__xludf.DUMMYFUNCTION("""COMPUTED_VALUE"""),"") | AX47: =IFERROR(__xludf.DUMMYFUNCTION("""COMPUTED_VALUE"""),10) -> 10 | AY47: =IFERROR(__xludf.DUMMYFUNCTION("""COMPUTED_VALUE"""),10) -> 10 | AZ47: =IFERROR(__xludf.DUMMYFUNCTION("""COMPUTED_VALUE"""),10) -> 10 | BA47: =IFERROR(__xludf.DUMMYFUNCTION("""COMPUTED_VALUE"""),"") | BB47: =IFERROR(__xludf.DUMMYFUNCTION("""COMPUTED_VALUE"""),"") | BC47: =IFERROR(__xludf.DUMMYFUNCTION("""COMPUTED_VALUE"""),"") | BD47: =IFERROR(__xludf.DUMMYFUNCTION("""COMPUTED_VALUE"""),"") | BF47: =IFERROR(__xludf.DUMMYFUNCTION("""COMPUTED_VALUE"""),"") | BG47: =IFERROR(__xludf.DUMMYFUNCTION("""COMPUTED_VALUE"""),10) -> 10 | BH47: =IFERROR(__xludf.DUMMYFUNCTION("""COMPUTED_VALUE"""),9.25) -> 9.25 | BI47: =IF(AC47=0,"",AC47*$AS47*(AT47/10)) -> #VALUE! | BJ47: =IF(AD47=0,"",AD47*$AS47*(AU47/10)) -> #VALUE! | BK47: =IF(AE47=0,"",AE47*$AS47*(AV47/10)) -> #VALUE! | BL47: =IF(AF47=0,"",AF47*$AS47*(AW47/10)) -> #VALUE! | BM47: =IF(AG47=0,"",AG47*$AS47*(AX47/10)) -> #VALUE! | BN47: =IF(AH47=0,"",AH47*$AS47*(AY47/10)) -> #VALUE! | BO47: =IF(AI47=0,"",AI47*$AS47*(AZ47/10)) -> #VALUE! | BP47: =IF(AJ47=0,"",AJ47*$AS47*(BA47/10)) -> #VALUE! | ... BW47: =IF(AQ47=0,"",AQ47*$AS47*(BH47/10)) | BX47: =SUM(BI47:BW47) -> #VALUE! | BY47: =IF(M47="x","1","") -> 1 | BZ47: =IF(N47="x","1","") | CA47: =IF(O47="x","1","") | CB47: =IF(P47="x","1","") | CC47: =IF(Q47="x","1","") -> 1 | CD47: =IF(R47="x","1","") -> 1 | CE47: =IF(S47="x","1","") -> 1 | CF47: =IF(T47="x","1","") | ... CH47: =IF(V47="x","1","")
A48: =IFERROR(__xludf.DUMMYFUNCTION("""COMPUTED_VALUE"""),"P796") -> P796 | B48: =IFERROR(__xludf.DUMMYFUNCTION("""COMPUTED_VALUE"""),"Carlos Eduardo Toledo") -> Carlos Eduardo Toledo | C48: x | D48: =IFERROR(__xludf.DUMMYFUNCTION("""COMPUTED_VALUE"""),45737) -> 45737 | E48: =IF(ISBLANK(D48),"",TEXT(D48,"MMMM")) -> março | F48: =IFERROR(__xludf.DUMMYFUNCTION("""COMPUTED_VALUE"""),11) -> 11 | G48: =IFERROR(__xludf.DUMMYFUNCTION("""COMPUTED_VALUE"""),570) -> 570 | H48: =IF(ISBLANK(G48),"",F48*G48/1000) -> 6.27 | I48: =IF(ISBLANK(F48),"",IF(H48<5,200,IF(H48<10,300,IF(H48<20,500,IF(H48<30,750,IF(H48<50,1000,IF(H48<75,1500,IF(H48>75,2000)))))))) -> 300 | J48: =IFERROR(__xludf.DUMMYFUNCTION("""COMPUTED_VALUE"""),97.7654320987654) -> 97.765432 | K48: FALSE | L48: =IF(K48=TRUE(),0,IF(C48="x",IF(ISBLANK(A48),"", I48*(J48/100)),"PENDENTE")) -> 293.2963 | P48: =IFERROR(__xludf.DUMMYFUNCTION("""COMPUTED_VALUE"""),"x") -> x | T48: =IFERROR(__xludf.DUMMYFUNCTION("""COMPUTED_VALUE"""),"x") -> x | Z48: x | AA48: x | AB48: =COUNTA(M48:Y48) -> 2 | AC48: =IF(M48="x",M$1000*1,"")*BY48 -> #VALUE! | AD48: =IF(N48="x",N$1000*1,"")*BZ48 -> #VALUE! | AE48: =IF(O48="x",O$1000*1,"")*CA48 -> #VALUE! | AF48: =IF(P48="x",P$1000*1,"")*CB48 -> 1.2 | AG48: =IF(Q48="x",Q$1000*1,"")*CC48 -> #VALUE! | AH48: =IF(R48="x",R$1000*1,"")*CD48 -> #VALUE! | AI48: =IF(S48="x",S$1000*1,"")*CE48 -> #VALUE! | AJ48: =IF(T48="x",T$1000*1,"")*CF48 -> 1 | ... AQ48: =IF(AA48="x",AA$1000*1,"")*CM48 -> 0 | AR48: =SUM(AC48:AQ48) -> #VALUE! | AS48: =IFERROR(L48/AR48,"") | AT48: =IFERROR(__xludf.DUMMYFUNCTION("""COMPUTED_VALUE"""),"") | AU48: =IFERROR(__xludf.DUMMYFUNCTION("""COMPUTED_VALUE"""),10) -> 10 | AV48: =IFERROR(__xludf.DUMMYFUNCTION("""COMPUTED_VALUE"""),10) -> 10 | AW48: =IFERROR(__xludf.DUMMYFUNCTION("""COMPUTED_VALUE"""),"") | AX48: =IFERROR(__xludf.DUMMYFUNCTION("""COMPUTED_VALUE"""),10) -> 10 | AY48: =IFERROR(__xludf.DUMMYFUNCTION("""COMPUTED_VALUE"""),"") | AZ48: =IFERROR(__xludf.DUMMYFUNCTION("""COMPUTED_VALUE"""),"") | BA48: =IFERROR(__xludf.DUMMYFUNCTION("""COMPUTED_VALUE"""),10) -> 10 | BB48: =IFERROR(__xludf.DUMMYFUNCTION("""COMPUTED_VALUE"""),"") | BC48: =IFERROR(__xludf.DUMMYFUNCTION("""COMPUTED_VALUE"""),"") | BD48: =IFERROR(__xludf.DUMMYFUNCTION("""COMPUTED_VALUE"""),"") | BF48: =IFERROR(__xludf.DUMMYFUNCTION("""COMPUTED_VALUE"""),"") | BG48: =IFERROR(__xludf.DUMMYFUNCTION("""COMPUTED_VALUE"""),10) -> 10 | BH48: =IFERROR(__xludf.DUMMYFUNCTION("""COMPUTED_VALUE"""),7.5) -> 7.5 | BI48: =IF(AC48=0,"",AC48*$AS48*(AT48/10)) -> #VALUE! | BJ48: =IF(AD48=0,"",AD48*$AS48*(AU48/10)) -> #VALUE! | BK48: =IF(AE48=0,"",AE48*$AS48*(AV48/10)) -> #VALUE! | BL48: =IF(AF48=0,"",AF48*$AS48*(AW48/10)) -> #VALUE! | BM48: =IF(AG48=0,"",AG48*$AS48*(AX48/10)) -> #VALUE! | BN48: =IF(AH48=0,"",AH48*$AS48*(AY48/10)) -> #VALUE! | BO48: =IF(AI48=0,"",AI48*$AS48*(AZ48/10)) -> #VALUE! | BP48: =IF(AJ48=0,"",AJ48*$AS48*(BA48/10)) -> #VALUE! | ... BW48: =IF(AQ48=0,"",AQ48*$AS48*(BH48/10)) | BX48: =SUM(BI48:BW48) -> #VALUE! | BY48: =IF(M48="x","1","") | BZ48: =IF(N48="x","1","") | CA48: =IF(O48="x","1","") | CB48: =IF(P48="x","1","") -> 1 | CC48: =IF(Q48="x","1","") | CD48: =IF(R48="x","1","") | CE48: =IF(S48="x","1","") | CF48: =IF(T48="x","1","") -> 1 | ... CH48: =IF(V48="x","1","")
A49: =IFERROR(__xludf.DUMMYFUNCTION("""COMPUTED_VALUE""")," P644") -> P644 | B49: =IFERROR(__xludf.DUMMYFUNCTION("""COMPUTED_VALUE"""),"Plentes Vieira") -> Plentes Vieira | C49: x | D49: =IFERROR(__xludf.DUMMYFUNCTION("""COMPUTED_VALUE"""),45730) -> 45730 | E49: =IF(ISBLANK(D49),"",TEXT(D49,"MMMM")) -> março | F49: =IFERROR(__xludf.DUMMYFUNCTION("""COMPUTED_VALUE"""),14) -> 14 | G49: =IFERROR(__xludf.DUMMYFUNCTION("""COMPUTED_VALUE"""),600) -> 600 | H49: =IF(ISBLANK(G49),"",F49*G49/1000) -> 8.4 | I49: =IF(ISBLANK(F49),"",IF(H49<5,200,IF(H49<10,300,IF(H49<20,500,IF(H49<30,750,IF(H49<50,1000,IF(H49<75,1500,IF(H49>75,2000)))))))) -> 300 | J49: =IFERROR(__xludf.DUMMYFUNCTION("""COMPUTED_VALUE"""),89.7916666666666) -> 89.791667 | K49: FALSE | L49: =IF(K49=TRUE(),0,IF(C49="x",IF(ISBLANK(A49),"", I49*(J49/100)),"PENDENTE")) -> 269.375 | M49: =IFERROR(__xludf.DUMMYFUNCTION("""COMPUTED_VALUE"""),"x") -> x | Q49: =IFERROR(__xludf.DUMMYFUNCTION("""COMPUTED_VALUE"""),"x") -> x | R49: =IFERROR(__xludf.DUMMYFUNCTION("""COMPUTED_VALUE"""),"x") -> x | S49: =IFERROR(__xludf.DUMMYFUNCTION("""COMPUTED_VALUE"""),"x") -> x | Z49: x | AA49: x | AB49: =COUNTA(M49:Y49) -> 4 | AC49: =IF(M49="x",M$1000*1,"")*BY49 -> 1.2 | AD49: =IF(N49="x",N$1000*1,"")*BZ49 -> #VALUE! | AE49: =IF(O49="x",O$1000*1,"")*CA49 -> #VALUE! | AF49: =IF(P49="x",P$1000*1,"")*CB49 -> #VALUE! | AG49: =IF(Q49="x",Q$1000*1,"")*CC49 -> 1 | AH49: =IF(R49="x",R$1000*1,"")*CD49 -> 1 | AI49: =IF(S49="x",S$1000*1,"")*CE49 -> 1.1 | AJ49: =IF(T49="x",T$1000*1,"")*CF49 -> #VALUE! | ... AQ49: =IF(AA49="x",AA$1000*1,"")*CM49 -> 0 | AR49: =SUM(AC49:AQ49) -> #VALUE! | AS49: =IFERROR(L49/AR49,"") | AT49: =IFERROR(__xludf.DUMMYFUNCTION("""COMPUTED_VALUE"""),10) -> 10 | AU49: =IFERROR(__xludf.DUMMYFUNCTION("""COMPUTED_VALUE"""),"") | AV49: =IFERROR(__xludf.DUMMYFUNCTION("""COMPUTED_VALUE"""),"") | AW49: =IFERROR(__xludf.DUMMYFUNCTION("""COMPUTED_VALUE"""),"") | AX49: =IFERROR(__xludf.DUMMYFUNCTION("""COMPUTED_VALUE"""),9.5) -> 9.5 | AY49: =IFERROR(__xludf.DUMMYFUNCTION("""COMPUTED_VALUE"""),10) -> 10 | AZ49: =IFERROR(__xludf.DUMMYFUNCTION("""COMPUTED_VALUE"""),9.66666666666666) -> 9.6666667 | BA49: =IFERROR(__xludf.DUMMYFUNCTION("""COMPUTED_VALUE"""),"") | BB49: =IFERROR(__xludf.DUMMYFUNCTION("""COMPUTED_VALUE"""),"") | BC49: =IFERROR(__xludf.DUMMYFUNCTION("""COMPUTED_VALUE"""),"") | BD49: =IFERROR(__xludf.DUMMYFUNCTION("""COMPUTED_VALUE"""),"") | BF49: =IFERROR(__xludf.DUMMYFUNCTION("""COMPUTED_VALUE"""),"") | BG49: =IFERROR(__xludf.DUMMYFUNCTION("""COMPUTED_VALUE"""),9.25) -> 9.25 | BH49: =IFERROR(__xludf.DUMMYFUNCTION("""COMPUTED_VALUE"""),9.75) -> 9.75 | BI49: =IF(AC49=0,"",AC49*$AS49*(AT49/10)) -> #VALUE! | BJ49: =IF(AD49=0,"",AD49*$AS49*(AU49/10)) -> #VALUE! | BK49: =IF(AE49=0,"",AE49*$AS49*(AV49/10)) -> #VALUE! | BL49: =IF(AF49=0,"",AF49*$AS49*(AW49/10)) -> #VALUE! | BM49: =IF(AG49=0,"",AG49*$AS49*(AX49/10)) -> #VALUE! | BN49: =IF(AH49=0,"",AH49*$AS49*(AY49/10)) -> #VALUE! | BO49: =IF(AI49=0,"",AI49*$AS49*(AZ49/10)) -> #VALUE! | BP49: =IF(AJ49=0,"",AJ49*$AS49*(BA49/10)) -> #VALUE! | ... BW49: =IF(AQ49=0,"",AQ49*$AS49*(BH49/10)) | BX49: =SUM(BI49:BW49) -> #VALUE! | BY49: =IF(M49="x","1","") -> 1 | BZ49: =IF(N49="x","1","") | CA49: =IF(O49="x","1","") | CB49: =IF(P49="x","1","") | CC49: =IF(Q49="x","1","") -> 1 | CD49: =IF(R49="x","1","") -> 1 | CE49: =IF(S49="x","1","") -> 1 | CF49: =IF(T49="x","1","") | ... CH49: =IF(V49="x","1","")
A50: =IFERROR(__xludf.DUMMYFUNCTION("""COMPUTED_VALUE"""),"P594") -> P594 | B50: =IFERROR(__xludf.DUMMYFUNCTION("""COMPUTED_VALUE"""),"Pref. Municipal (Escola Cabeceira)") -> Pref. Municipal (Escola Cabeceira) | C50: x | D50: =IFERROR(__xludf.DUMMYFUNCTION("""COMPUTED_VALUE"""),45769) -> 45769 | E50: =IF(ISBLANK(D50),"",TEXT(D50,"MMMM")) -> abril | F50: =IFERROR(__xludf.DUMMYFUNCTION("""COMPUTED_VALUE"""),80) -> 80 | G50: =IFERROR(__xludf.DUMMYFUNCTION("""COMPUTED_VALUE"""),560) -> 560 | H50: =IF(ISBLANK(G50),"",F50*G50/1000) -> 44.8 | I50: =IF(ISBLANK(F50),"",IF(H50<5,200,IF(H50<10,300,IF(H50<20,500,IF(H50<30,750,IF(H50<50,1000,IF(H50<75,1500,IF(H50>75,2000)))))))) -> 1000 | J50: =IFERROR(__xludf.DUMMYFUNCTION("""COMPUTED_VALUE"""),64.2592592592592) -> 64.259259 | K50: FALSE | L50: =IF(K50=TRUE(),0,IF(C50="x",IF(ISBLANK(A50),"", I50*(J50/100)),"PENDENTE")) -> 642.59259 | P50: =IFERROR(__xludf.DUMMYFUNCTION("""COMPUTED_VALUE"""),"x") -> x | Q50: =IFERROR(__xludf.DUMMYFUNCTION("""COMPUTED_VALUE"""),"x") -> x | S50: =IFERROR(__xludf.DUMMYFUNCTION("""COMPUTED_VALUE"""),"x") -> x | Z50: x | AA50: x | AB50: =COUNTA(M50:Y50) -> 3 | AC50: =IF(M50="x",M$1000*1,"")*BY50 -> #VALUE! | AD50: =IF(N50="x",N$1000*1,"")*BZ50 -> #VALUE! | AE50: =IF(O50="x",O$1000*1,"")*CA50 -> #VALUE! | AF50: =IF(P50="x",P$1000*1,"")*CB50 -> 1.2 | AG50: =IF(Q50="x",Q$1000*1,"")*CC50 -> 1 | AH50: =IF(R50="x",R$1000*1,"")*CD50 -> #VALUE! | AI50: =IF(S50="x",S$1000*1,"")*CE50 -> 1.1 | AJ50: =IF(T50="x",T$1000*1,"")*CF50 -> #VALUE! | ... AQ50: =IF(AA50="x",AA$1000*1,"")*CM50 -> 0 | AR50: =SUM(AC50:AQ50) -> #VALUE! | AS50: =IFERROR(L50/AR50,"") | AT50: =IFERROR(__xludf.DUMMYFUNCTION("""COMPUTED_VALUE"""),"") | AU50: =IFERROR(__xludf.DUMMYFUNCTION("""COMPUTED_VALUE"""),9) -> 9 | AV50: =IFERROR(__xludf.DUMMYFUNCTION("""COMPUTED_VALUE"""),"") | AW50: =IFERROR(__xludf.DUMMYFUNCTION("""COMPUTED_VALUE"""),10) -> 10 | AX50: =IFERROR(__xludf.DUMMYFUNCTION("""COMPUTED_VALUE"""),10) -> 10 | AY50: =IFERROR(__xludf.DUMMYFUNCTION("""COMPUTED_VALUE"""),"") | AZ50: =IFERROR(__xludf.DUMMYFUNCTION("""COMPUTED_VALUE"""),10) -> 10 | BA50: =IFERROR(__xludf.DUMMYFUNCTION("""COMPUTED_VALUE"""),"") | BB50: =IFERROR(__xludf.DUMMYFUNCTION("""COMPUTED_VALUE"""),"") | BC50: =IFERROR(__xludf.DUMMYFUNCTION("""COMPUTED_VALUE"""),"") | BD50: =IFERROR(__xludf.DUMMYFUNCTION("""COMPUTED_VALUE"""),"") | BF50: =IFERROR(__xludf.DUMMYFUNCTION("""COMPUTED_VALUE"""),"") | BG50: =IFERROR(__xludf.DUMMYFUNCTION("""COMPUTED_VALUE"""),10) -> 10 | BH50: =IFERROR(__xludf.DUMMYFUNCTION("""COMPUTED_VALUE"""),10) -> 10 | BI50: =IF(AC50=0,"",AC50*$AS50*(AT50/10)) -> #VALUE! | BJ50: =IF(AD50=0,"",AD50*$AS50*(AU50/10)) -> #VALUE! | BK50: =IF(AE50=0,"",AE50*$AS50*(AV50/10)) -> #VALUE! | BL50: =IF(AF50=0,"",AF50*$AS50*(AW50/10)) -> #VALUE! | BM50: =IF(AG50=0,"",AG50*$AS50*(AX50/10)) -> #VALUE! | BN50: =IF(AH50=0,"",AH50*$AS50*(AY50/10)) -> #VALUE! | BO50: =IF(AI50=0,"",AI50*$AS50*(AZ50/10)) -> #VALUE! | BP50: =IF(AJ50=0,"",AJ50*$AS50*(BA50/10)) -> #VALUE! | ... BW50: =IF(AQ50=0,"",AQ50*$AS50*(BH50/10)) | BX50: =SUM(BI50:BW50) -> #VALUE! | BY50: =IF(M50="x","1","") | BZ50: =IF(N50="x","1","") | CA50: =IF(O50="x","1","") | CB50: =IF(P50="x","1","") -> 1 | CC50: =IF(Q50="x","1","") -> 1 | CD50: =IF(R50="x","1","") | CE50: =IF(S50="x","1","") -> 1 | CF50: =IF(T50="x","1","") | ... CH50: =IF(V50="x","1","")
A51: =IFERROR(__xludf.DUMMYFUNCTION("""COMPUTED_VALUE"""),"P756") -> P756 | B51: =IFERROR(__xludf.DUMMYFUNCTION("""COMPUTED_VALUE"""),"Pref Simonesia (Centro de Saúde)") -> Pref Simonesia (Centro de Saúde) | C51: x | D51: =IFERROR(__xludf.DUMMYFUNCTION("""COMPUTED_VALUE"""),45743) -> 45743 | E51: abril | F51: =IFERROR(__xludf.DUMMYFUNCTION("""COMPUTED_VALUE"""),96) -> 96 | G51: =IFERROR(__xludf.DUMMYFUNCTION("""COMPUTED_VALUE"""),560) -> 560 | H51: =IF(ISBLANK(G51),"",F51*G51/1000) -> 53.76 | I51: =IF(ISBLANK(F51),"",IF(H51<5,200,IF(H51<10,300,IF(H51<20,500,IF(H51<30,750,IF(H51<50,1000,IF(H51<75,1500,IF(H51>75,2000)))))))) -> 1500 | J51: =IFERROR(__xludf.DUMMYFUNCTION("""COMPUTED_VALUE"""),92.0416666666666) -> 92.041667 | K51: FALSE | L51: =IF(K51=TRUE(),0,IF(C51="x",IF(ISBLANK(A51),"", I51*(J51/100)),"PENDENTE")) -> 1380.625 | O51: =IFERROR(__xludf.DUMMYFUNCTION("""COMPUTED_VALUE"""),"x") -> x | P51: =IFERROR(__xludf.DUMMYFUNCTION("""COMPUTED_VALUE"""),"x") -> x | T51: =IFERROR(__xludf.DUMMYFUNCTION("""COMPUTED_VALUE"""),"x") -> x | Z51: x | AA51: x | AB51: =COUNTA(M51:Y51) -> 3 | AC51: =IF(M51="x",M$1000*1,"")*BY51 -> #VALUE! | AD51: =IF(N51="x",N$1000*1,"")*BZ51 -> #VALUE! | AE51: =IF(O51="x",O$1000*1,"")*CA51 -> 1 | AF51: =IF(P51="x",P$1000*1,"")*CB51 -> 1.2 | AG51: =IF(Q51="x",Q$1000*1,"")*CC51 -> #VALUE! | AH51: =IF(R51="x",R$1000*1,"")*CD51 -> #VALUE! | AI51: =IF(S51="x",S$1000*1,"")*CE51 -> #VALUE! | AJ51: =IF(T51="x",T$1000*1,"")*CF51 -> 1 | ... AQ51: =IF(AA51="x",AA$1000*1,"")*CM51 -> 0 | AR51: =SUM(AC51:AQ51) -> #VALUE! | AS51: =IFERROR(L51/AR51,"") | AT51: =IFERROR(__xludf.DUMMYFUNCTION("""COMPUTED_VALUE"""),"") | AU51: =IFERROR(__xludf.DUMMYFUNCTION("""COMPUTED_VALUE"""),10) -> 10 | AV51: =IFERROR(__xludf.DUMMYFUNCTION("""COMPUTED_VALUE"""),8) -> 8 | AW51: =IFERROR(__xludf.DUMMYFUNCTION("""COMPUTED_VALUE"""),10) -> 10 | AX51: =IFERROR(__xludf.DUMMYFUNCTION("""COMPUTED_VALUE"""),6) -> 6 | AY51: =IFERROR(__xludf.DUMMYFUNCTION("""COMPUTED_VALUE"""),"") | AZ51: =IFERROR(__xludf.DUMMYFUNCTION("""COMPUTED_VALUE"""),"") | BA51: =IFERROR(__xludf.DUMMYFUNCTION("""COMPUTED_VALUE"""),10) -> 10 | BB51: =IFERROR(__xludf.DUMMYFUNCTION("""COMPUTED_VALUE"""),"") | BC51: =IFERROR(__xludf.DUMMYFUNCTION("""COMPUTED_VALUE"""),"") | BD51: =IFERROR(__xludf.DUMMYFUNCTION("""COMPUTED_VALUE"""),"") | BF51: =IFERROR(__xludf.DUMMYFUNCTION("""COMPUTED_VALUE"""),"") | BG51: =IFERROR(__xludf.DUMMYFUNCTION("""COMPUTED_VALUE"""),10) -> 10 | BH51: =IFERROR(__xludf.DUMMYFUNCTION("""COMPUTED_VALUE"""),10) -> 10 | BI51: =IF(AC51=0,"",AC51*$AS51*(AT51/10)) -> #VALUE! | BJ51: =IF(AD51=0,"",AD51*$AS51*(AU51/10)) -> #VALUE! | BK51: =IF(AE51=0,"",AE51*$AS51*(AV51/10)) -> #VALUE! | BL51: =IF(AF51=0,"",AF51*$AS51*(AW51/10)) -> #VALUE! | BM51: =IF(AG51=0,"",AG51*$AS51*(AX51/10)) -> #VALUE! | BN51: =IF(AH51=0,"",AH51*$AS51*(AY51/10)) -> #VALUE! | BO51: =IF(AI51=0,"",AI51*$AS51*(AZ51/10)) -> #VALUE! | BP51: =IF(AJ51=0,"",AJ51*$AS51*(BA51/10)) -> #VALUE! | ... BW51: =IF(AQ51=0,"",AQ51*$AS51*(BH51/10)) | BX51: =SUM(BI51:BW51) -> #VALUE! | BY51: =IF(M51="x","1","") | BZ51: =IF(N51="x","1","") | CA51: =IF(O51="x","1","") -> 1 | CB51: =IF(P51="x","1","") -> 1 | CC51: =IF(Q51="x","1","") | CD51: =IF(R51="x","1","") | CE51: =IF(S51="x","1","") | CF51: =IF(T51="x","1","") -> 1 | ... CH51: =IF(V51="x","1","")
A52: =IFERROR(__xludf.DUMMYFUNCTION("""COMPUTED_VALUE"""),"P788") -> P788 | B52: =IFERROR(__xludf.DUMMYFUNCTION("""COMPUTED_VALUE"""),"Antônio Marcos Sampaio") -> Antônio Marcos Sampaio | C52: x | D52: =IFERROR(__xludf.DUMMYFUNCTION("""COMPUTED_VALUE"""),45706) -> 45706 | E52: abril | F52: =IFERROR(__xludf.DUMMYFUNCTION("""COMPUTED_VALUE"""),16) -> 16 | G52: =IFERROR(__xludf.DUMMYFUNCTION("""COMPUTED_VALUE"""),600) -> 600 | H52: =IF(ISBLANK(G52),"",F52*G52/1000) -> 9.6 | I52: =IF(ISBLANK(F52),"",IF(H52<5,200,IF(H52<10,300,IF(H52<20,500,IF(H52<30,750,IF(H52<50,1000,IF(H52<75,1500,IF(H52>75,2000)))))))) -> 300 | J52: =IFERROR(__xludf.DUMMYFUNCTION("""COMPUTED_VALUE"""),99.7222222222222) -> 99.722222 | K52: FALSE | L52: =IF(K52=TRUE(),0,IF(C52="x",IF(ISBLANK(A52),"", I52*(J52/100)),"PENDENTE")) -> 299.16667 | M52: =IFERROR(__xludf.DUMMYFUNCTION("""COMPUTED_VALUE"""),"x") -> x | Q52: =IFERROR(__xludf.DUMMYFUNCTION("""COMPUTED_VALUE"""),"x") -> x | R52: =IFERROR(__xludf.DUMMYFUNCTION("""COMPUTED_VALUE"""),"x") -> x | S52: =IFERROR(__xludf.DUMMYFUNCTION("""COMPUTED_VALUE"""),"x") -> x | U52: =IFERROR(__xludf.DUMMYFUNCTION("""COMPUTED_VALUE"""),"x") -> x | Z52: x | AA52: x | AB52: =COUNTA(M52:Y52) -> 5 | AC52: =IF(M52="x",M$1000*1,"")*BY52 -> 1.2 | AD52: =IF(N52="x",N$1000*1,"")*BZ52 -> #VALUE! | AE52: =IF(O52="x",O$1000*1,"")*CA52 -> #VALUE! | AF52: =IF(P52="x",P$1000*1,"")*CB52 -> #VALUE! | AG52: =IF(Q52="x",Q$1000*1,"")*CC52 -> 1 | AH52: =IF(R52="x",R$1000*1,"")*CD52 -> 1 | AI52: =IF(S52="x",S$1000*1,"")*CE52 -> 1.1 | AJ52: =IF(T52="x",T$1000*1,"")*CF52 -> #VALUE! | ... AQ52: =IF(AA52="x",AA$1000*1,"")*CM52 -> 0 | AR52: =SUM(AC52:AQ52) -> #VALUE! | AS52: =IFERROR(L52/AR52,"") | AT52: =IFERROR(__xludf.DUMMYFUNCTION("""COMPUTED_VALUE"""),10) -> 10 | AU52: =IFERROR(__xludf.DUMMYFUNCTION("""COMPUTED_VALUE"""),"") | AV52: =IFERROR(__xludf.DUMMYFUNCTION("""COMPUTED_VALUE"""),"") | AW52: =IFERROR(__xludf.DUMMYFUNCTION("""COMPUTED_VALUE"""),"") | AX52: =IFERROR(__xludf.DUMMYFUNCTION("""COMPUTED_VALUE"""),10) -> 10 | AY52: =IFERROR(__xludf.DUMMYFUNCTION("""COMPUTED_VALUE"""),10) -> 10 | AZ52: =IFERROR(__xludf.DUMMYFUNCTION("""COMPUTED_VALUE"""),10) -> 10 | BA52: =IFERROR(__xludf.DUMMYFUNCTION("""COMPUTED_VALUE"""),"") | BB52: =IFERROR(__xludf.DUMMYFUNCTION("""COMPUTED_VALUE"""),9.5) -> 9.5 | BC52: =IFERROR(__xludf.DUMMYFUNCTION("""COMPUTED_VALUE"""),"") | BD52: =IFERROR(__xludf.DUMMYFUNCTION("""COMPUTED_VALUE"""),"") | BF52: =IFERROR(__xludf.DUMMYFUNCTION("""COMPUTED_VALUE"""),"") | BG52: =IFERROR(__xludf.DUMMYFUNCTION("""COMPUTED_VALUE"""),9.75) -> 9.75 | BH52: =IFERROR(__xludf.DUMMYFUNCTION("""COMPUTED_VALUE"""),10) -> 10 | BI52: =IF(AC52=0,"",AC52*$AS52*(AT52/10)) -> #VALUE! | BJ52: =IF(AD52=0,"",AD52*$AS52*(AU52/10)) -> #VALUE! | BK52: =IF(AE52=0,"",AE52*$AS52*(AV52/10)) -> #VALUE! | BL52: =IF(AF52=0,"",AF52*$AS52*(AW52/10)) -> #VALUE! | BM52: =IF(AG52=0,"",AG52*$AS52*(AX52/10)) -> #VALUE! | BN52: =IF(AH52=0,"",AH52*$AS52*(AY52/10)) -> #VALUE! | BO52: =IF(AI52=0,"",AI52*$AS52*(AZ52/10)) -> #VALUE! | BP52: =IF(AJ52=0,"",AJ52*$AS52*(BA52/10)) -> #VALUE! | ... BW52: =IF(AQ52=0,"",AQ52*$AS52*(BH52/10)) | BX52: =SUM(BI52:BW52) -> #VALUE! | BY52: =IF(M52="x","1","") -> 1 | BZ52: =IF(N52="x","1","") | CA52: =IF(O52="x","1","") | CB52: =IF(P52="x","1","") | CC52: =IF(Q52="x","1","") -> 1 | CD52: =IF(R52="x","1","") -> 1 | CE52: =IF(S52="x","1","") -> 1 | CF52: =IF(T52="x","1","") | ... CH52: =IF(V52="x","1","")
A53: =IFERROR(__xludf.DUMMYFUNCTION("""COMPUTED_VALUE"""),"P798") -> P798 | B53: =IFERROR(__xludf.DUMMYFUNCTION("""COMPUTED_VALUE"""),"Luciana Cristina") -> Luciana Cristina | C53: x | D53: =IFERROR(__xludf.DUMMYFUNCTION("""COMPUTED_VALUE"""),45744) -> 45744 | E53: abril | F53: =IFERROR(__xludf.DUMMYFUNCTION("""COMPUTED_VALUE"""),8) -> 8 | G53: =IFERROR(__xludf.DUMMYFUNCTION("""COMPUTED_VALUE"""),570) -> 570 | H53: =IF(ISBLANK(G53),"",F53*G53/1000) -> 4.56 | I53: =IF(ISBLANK(F53),"",IF(H53<5,200,IF(H53<10,300,IF(H53<20,500,IF(H53<30,750,IF(H53<50,1000,IF(H53<75,1500,IF(H53>75,2000)))))))) -> 200 | J53: =IFERROR(__xludf.DUMMYFUNCTION("""COMPUTED_VALUE"""),98.2222222222222) -> 98.222222 | K53: FALSE | L53: =IF(K53=TRUE(),0,IF(C53="x",IF(ISBLANK(A53),"", I53*(J53/100)),"PENDENTE")) -> 196.44444 | Q53: =IFERROR(__xludf.DUMMYFUNCTION("""COMPUTED_VALUE"""),"x") -> x | S53: =IFERROR(__xludf.DUMMYFUNCTION("""COMPUTED_VALUE"""),"x") -> x | T53: =IFERROR(__xludf.DUMMYFUNCTION("""COMPUTED_VALUE"""),"x") -> x | Z53: x | AA53: x | AB53: =COUNTA(M53:Y53) -> 3 | AC53: =IF(M53="x",M$1000*1,"")*BY53 -> #VALUE! | AD53: =IF(N53="x",N$1000*1,"")*BZ53 -> #VALUE! | AE53: =IF(O53="x",O$1000*1,"")*CA53 -> #VALUE! | AF53: =IF(P53="x",P$1000*1,"")*CB53 -> #VALUE! | AG53: =IF(Q53="x",Q$1000*1,"")*CC53 -> 1 | AH53: =IF(R53="x",R$1000*1,"")*CD53 -> #VALUE! | AI53: =IF(S53="x",S$1000*1,"")*CE53 -> 1.1 | AJ53: =IF(T53="x",T$1000*1,"")*CF53 -> 1 | ... AQ53: =IF(AA53="x",AA$1000*1,"")*CM53 -> 0 | AR53: =SUM(AC53:AQ53) -> #VALUE! | AS53: =IFERROR(L53/AR53,"") | AT53: =IFERROR(__xludf.DUMMYFUNCTION("""COMPUTED_VALUE"""),10) -> 10 | AU53: =IFERROR(__xludf.DUMMYFUNCTION("""COMPUTED_VALUE"""),9) -> 9 | AV53: =IFERROR(__xludf.DUMMYFUNCTION("""COMPUTED_VALUE"""),10) -> 10 | AW53: =IFERROR(__xludf.DUMMYFUNCTION("""COMPUTED_VALUE"""),"") | AX53: =IFERROR(__xludf.DUMMYFUNCTION("""COMPUTED_VALUE"""),"") | AY53: =IFERROR(__xludf.DUMMYFUNCTION("""COMPUTED_VALUE"""),10) -> 10 | AZ53: =IFERROR(__xludf.DUMMYFUNCTION("""COMPUTED_VALUE"""),10) -> 10 | BA53: =IFERROR(__xludf.DUMMYFUNCTION("""COMPUTED_VALUE"""),9) -> 9 | BB53: =IFERROR(__xludf.DUMMYFUNCTION("""COMPUTED_VALUE"""),"") | BC53: =IFERROR(__xludf.DUMMYFUNCTION("""COMPUTED_VALUE"""),"") | BD53: =IFERROR(__xludf.DUMMYFUNCTION("""COMPUTED_VALUE"""),"") | BF53: =IFERROR(__xludf.DUMMYFUNCTION("""COMPUTED_VALUE"""),"") | BG53: =IFERROR(__xludf.DUMMYFUNCTION("""COMPUTED_VALUE"""),4) -> 4 | BH53: =IFERROR(__xludf.DUMMYFUNCTION("""COMPUTED_VALUE"""),10) -> 10 | BI53: =IF(AC53=0,"",AC53*$AS53*(AT53/10)) -> #VALUE! | BJ53: =IF(AD53=0,"",AD53*$AS53*(AU53/10)) -> #VALUE! | BK53: =IF(AE53=0,"",AE53*$AS53*(AV53/10)) -> #VALUE! | BL53: =IF(AF53=0,"",AF53*$AS53*(AW53/10)) -> #VALUE! | BM53: =IF(AG53=0,"",AG53*$AS53*(AX53/10)) -> #VALUE! | BN53: =IF(AH53=0,"",AH53*$AS53*(AY53/10)) -> #VALUE! | BO53: =IF(AI53=0,"",AI53*$AS53*(AZ53/10)) -> #VALUE! | BP53: =IF(AJ53=0,"",AJ53*$AS53*(BA53/10)) -> #VALUE! | ... BW53: =IF(AQ53=0,"",AQ53*$AS53*(BH53/10)) | BX53: =SUM(BI53:BW53) -> #VALUE! | BY53: 0.5 | BZ53: =IF(N53="x","1","") | CA53: =IF(O53="x","1","") | CB53: =IF(P53="x","1","") | CC53: =IF(Q53="x","1","") -> 1 | CD53: 0.5 | CE53: =IF(S53="x","1","") -> 1 | CF53: =IF(T53="x","1","") -> 1 | CG53: =IF(U53="x","1","") | CH53: =IF(V53="x","1","")
A54: =IFERROR(__xludf.DUMMYFUNCTION("""COMPUTED_VALUE"""),"P667") -> P667 | B54: =IFERROR(__xludf.DUMMYFUNCTION("""COMPUTED_VALUE"""),"Carlos Roberto Salgado") -> Carlos Roberto Salgado | C54: x | D54: =IFERROR(__xludf.DUMMYFUNCTION("""COMPUTED_VALUE"""),45747) -> 45747 | E54: abril | F54: =IFERROR(__xludf.DUMMYFUNCTION("""COMPUTED_VALUE"""),4) -> 4 | G54: =IFERROR(__xludf.DUMMYFUNCTION("""COMPUTED_VALUE"""),560) -> 560 | H54: =IF(ISBLANK(G54),"",F54*G54/1000) -> 2.24 | I54: =IF(ISBLANK(F54),"",IF(H54<5,200,IF(H54<10,300,IF(H54<20,500,IF(H54<30,750,IF(H54<50,1000,IF(H54<75,1500,IF(H54>75,2000)))))))) -> 200 | J54: =IFERROR(__xludf.DUMMYFUNCTION("""COMPUTED_VALUE"""),87) -> 87 | K54: FALSE | L54: =IF(K54=TRUE(),0,IF(C54="x",IF(ISBLANK(A54),"", I54*(J54/100)),"PENDENTE")) -> 174 | M54: =IFERROR(__xludf.DUMMYFUNCTION("""COMPUTED_VALUE"""),"x") -> x | Q54: =IFERROR(__xludf.DUMMYFUNCTION("""COMPUTED_VALUE"""),"x") -> x | R54: =IFERROR(__xludf.DUMMYFUNCTION("""COMPUTED_VALUE"""),"x") -> x | S54: =IFERROR(__xludf.DUMMYFUNCTION("""COMPUTED_VALUE"""),"x") -> x | Z54: x | AA54: x | AB54: =COUNTA(M54:Y54) -> 4 | AC54: =IF(M54="x",M$1000*1,"")*BY54 -> 1.2 | AD54: =IF(N54="x",N$1000*1,"")*BZ54 -> #VALUE! | AE54: =IF(O54="x",O$1000*1,"")*CA54 -> #VALUE! | AF54: =IF(P54="x",P$1000*1,"")*CB54 -> #VALUE! | AG54: =IF(Q54="x",Q$1000*1,"")*CC54 -> 1 | AH54: =IF(R54="x",R$1000*1,"")*CD54 -> 1 | AI54: =IF(S54="x",S$1000*1,"")*CE54 -> 1.1 | AJ54: =IF(T54="x",T$1000*1,"")*CF54 -> #VALUE! | ... AQ54: =IF(AA54="x",AA$1000*1,"")*CM54 -> 0 | AR54: =SUM(AC54:AQ54) -> #VALUE! | AS54: =IFERROR(L54/AR54,"") | AT54: =IFERROR(__xludf.DUMMYFUNCTION("""COMPUTED_VALUE"""),10) -> 10 | AU54: =IFERROR(__xludf.DUMMYFUNCTION("""COMPUTED_VALUE"""),"") | AV54: =IFERROR(__xludf.DUMMYFUNCTION("""COMPUTED_VALUE"""),"") | AW54: =IFERROR(__xludf.DUMMYFUNCTION("""COMPUTED_VALUE"""),"") | AX54: =IFERROR(__xludf.DUMMYFUNCTION("""COMPUTED_VALUE"""),10) -> 10 | AY54: =IFERROR(__xludf.DUMMYFUNCTION("""COMPUTED_VALUE"""),10) -> 10 | AZ54: =IFERROR(__xludf.DUMMYFUNCTION("""COMPUTED_VALUE"""),10) -> 10 | BA54: =IFERROR(__xludf.DUMMYFUNCTION("""COMPUTED_VALUE"""),"") | BB54: =IFERROR(__xludf.DUMMYFUNCTION("""COMPUTED_VALUE"""),"") | BC54: =IFERROR(__xludf.DUMMYFUNCTION("""COMPUTED_VALUE"""),"") | BD54: =IFERROR(__xludf.DUMMYFUNCTION("""COMPUTED_VALUE"""),"") | BF54: =IFERROR(__xludf.DUMMYFUNCTION("""COMPUTED_VALUE"""),"") | BG54: =IFERROR(__xludf.DUMMYFUNCTION("""COMPUTED_VALUE"""),10) -> 10 | BH54: =IFERROR(__xludf.DUMMYFUNCTION("""COMPUTED_VALUE"""),10) -> 10 | BI54: =IF(AC54=0,"",AC54*$AS54*(AT54/10)) -> #VALUE! | BJ54: =IF(AD54=0,"",AD54*$AS54*(AU54/10)) -> #VALUE! | BK54: =IF(AE54=0,"",AE54*$AS54*(AV54/10)) -> #VALUE! | BL54: =IF(AF54=0,"",AF54*$AS54*(AW54/10)) -> #VALUE! | BM54: =IF(AG54=0,"",AG54*$AS54*(AX54/10)) -> #VALUE! | BN54: =IF(AH54=0,"",AH54*$AS54*(AY54/10)) -> #VALUE! | BO54: =IF(AI54=0,"",AI54*$AS54*(AZ54/10)) -> #VALUE! | BP54: =IF(AJ54=0,"",AJ54*$AS54*(BA54/10)) -> #VALUE! | ... BW54: =IF(AQ54=0,"",AQ54*$AS54*(BH54/10)) | BX54: =SUM(BI54:BW54) -> #VALUE! | BY54: =IF(M54="x","1","") -> 1 | BZ54: =IF(N54="x","1","") | CA54: =IF(O54="x","1","") | CB54: =IF(P54="x","1","") | CC54: =IF(Q54="x","1","") -> 1 | CD54: =IF(R54="x","1","") -> 1 | CE54: =IF(S54="x","1","") -> 1 | CF54: =IF(T54="x","1","") | ... CH54: =IF(V54="x","1","")
A55: =IFERROR(__xludf.DUMMYFUNCTION("""COMPUTED_VALUE"""),"P795") -> P795 | B55: =IFERROR(__xludf.DUMMYFUNCTION("""COMPUTED_VALUE"""),"Cristiano Muniz") -> Cristiano Muniz | C55: x | D55: =IFERROR(__xludf.DUMMYFUNCTION("""COMPUTED_VALUE"""),45748) -> 45748 | E55: abril | F55: =IFERROR(__xludf.DUMMYFUNCTION("""COMPUTED_VALUE"""),16) -> 16 | G55: =IFERROR(__xludf.DUMMYFUNCTION("""COMPUTED_VALUE"""),570) -> 570 | H55: =IF(ISBLANK(G55),"",F55*G55/1000) -> 9.12 | I55: =IF(ISBLANK(F55),"",IF(H55<5,200,IF(H55<10,300,IF(H55<20,500,IF(H55<30,750,IF(H55<50,1000,IF(H55<75,1500,IF(H55>75,2000)))))))) -> 300 | J55: =IFERROR(__xludf.DUMMYFUNCTION("""COMPUTED_VALUE"""),92) -> 92 | K55: FALSE | L55: =IF(K55=TRUE(),0,IF(C55="x",IF(ISBLANK(A55),"", I55*(J55/100)),"PENDENTE")) -> 276 | M55: =IFERROR(__xludf.DUMMYFUNCTION("""COMPUTED_VALUE"""),"x") -> x | Q55: =IFERROR(__xludf.DUMMYFUNCTION("""COMPUTED_VALUE"""),"x") -> x | R55: =IFERROR(__xludf.DUMMYFUNCTION("""COMPUTED_VALUE"""),"x") -> x | S55: =IFERROR(__xludf.DUMMYFUNCTION("""COMPUTED_VALUE"""),"x") -> x | Z55: x | AA55: x | AB55: =COUNTA(M55:Y55) -> 4 | AC55: =IF(M55="x",M$1000*1,"")*BY55 -> 1.2 | AD55: =IF(N55="x",N$1000*1,"")*BZ55 -> #VALUE! | AE55: =IF(O55="x",O$1000*1,"")*CA55 -> #VALUE! | AF55: =IF(P55="x",P$1000*1,"")*CB55 -> #VALUE! | AG55: =IF(Q55="x",Q$1000*1,"")*CC55 -> 1 | AH55: =IF(R55="x",R$1000*1,"")*CD55 -> 1 | AI55: =IF(S55="x",S$1000*1,"")*CE55 -> 1.1 | AJ55: =IF(T55="x",T$1000*1,"")*CF55 -> #VALUE! | ... AQ55: =IF(AA55="x",AA$1000*1,"")*CM55 -> 0 | AR55: =SUM(AC55:AQ55) -> #VALUE! | AS55: =IFERROR(L55/AR55,"") | AT55: =IFERROR(__xludf.DUMMYFUNCTION("""COMPUTED_VALUE"""),10) -> 10 | AU55: =IFERROR(__xludf.DUMMYFUNCTION("""COMPUTED_VALUE"""),"") | AV55: =IFERROR(__xludf.DUMMYFUNCTION("""COMPUTED_VALUE"""),"") | AW55: =IFERROR(__xludf.DUMMYFUNCTION("""COMPUTED_VALUE"""),"") | AX55: =IFERROR(__xludf.DUMMYFUNCTION("""COMPUTED_VALUE"""),10) -> 10 | AY55: =IFERROR(__xludf.DUMMYFUNCTION("""COMPUTED_VALUE"""),10) -> 10 | AZ55: =IFERROR(__xludf.DUMMYFUNCTION("""COMPUTED_VALUE"""),10) -> 10 | BA55: =IFERROR(__xludf.DUMMYFUNCTION("""COMPUTED_VALUE"""),"") | BB55: =IFERROR(__xludf.DUMMYFUNCTION("""COMPUTED_VALUE"""),"") | BC55: =IFERROR(__xludf.DUMMYFUNCTION("""COMPUTED_VALUE"""),"") | BD55: =IFERROR(__xludf.DUMMYFUNCTION("""COMPUTED_VALUE"""),"") | BF55: =IFERROR(__xludf.DUMMYFUNCTION("""COMPUTED_VALUE"""),"") | BG55: =IFERROR(__xludf.DUMMYFUNCTION("""COMPUTED_VALUE"""),10) -> 10 | BH55: =IFERROR(__xludf.DUMMYFUNCTION("""COMPUTED_VALUE"""),10) -> 10 | BI55: =IF(AC55=0,"",AC55*$AS55*(AT55/10)) -> #VALUE! | BJ55: =IF(AD55=0,"",AD55*$AS55*(AU55/10)) -> #VALUE! | BK55: =IF(AE55=0,"",AE55*$AS55*(AV55/10)) -> #VALUE! | BL55: =IF(AF55=0,"",AF55*$AS55*(AW55/10)) -> #VALUE! | BM55: =IF(AG55=0,"",AG55*$AS55*(AX55/10)) -> #VALUE! | BN55: =IF(AH55=0,"",AH55*$AS55*(AY55/10)) -> #VALUE! | BO55: =IF(AI55=0,"",AI55*$AS55*(AZ55/10)) -> #VALUE! | BP55: =IF(AJ55=0,"",AJ55*$AS55*(BA55/10)) -> #VALUE! | ... BW55: =IF(AQ55=0,"",AQ55*$AS55*(BH55/10)) | BX55: =SUM(BI55:BW55) -> #VALUE! | BY55: =IF(M55="x","1","") -> 1 | BZ55: =IF(N55="x","1","") | CA55: =IF(O55="x","1","") | CB55: =IF(P55="x","1","") | CC55: =IF(Q55="x","1","") -> 1 | CD55: =IF(R55="x","1","") -> 1 | CE55: =IF(S55="x","1","") -> 1 | CF55: =IF(T55="x","1","") | ... CH55: =IF(V55="x","1","")
A56: =IFERROR(__xludf.DUMMYFUNCTION("""COMPUTED_VALUE"""),"P803") -> P803 | B56: =IFERROR(__xludf.DUMMYFUNCTION("""COMPUTED_VALUE"""),"Geraldo Magela") -> Geraldo Magela | C56: x | D56: =IFERROR(__xludf.DUMMYFUNCTION("""COMPUTED_VALUE"""),45750) -> 45750 | E56: =IF(ISBLANK(D56),"",TEXT(D56,"MMMM")) -> abril | F56: =IFERROR(__xludf.DUMMYFUNCTION("""COMPUTED_VALUE"""),12) -> 12 | G56: =IFERROR(__xludf.DUMMYFUNCTION("""COMPUTED_VALUE"""),570) -> 570 | H56: =IF(ISBLANK(G56),"",F56*G56/1000) -> 6.84 | I56: =IF(ISBLANK(F56),"",IF(H56<5,200,IF(H56<10,300,IF(H56<20,500,IF(H56<30,750,IF(H56<50,1000,IF(H56<75,1500,IF(H56>75,2000)))))))) -> 300 | J56: =IFERROR(__xludf.DUMMYFUNCTION("""COMPUTED_VALUE"""),98.0864197530864) -> 98.08642 | K56: FALSE | L56: =IF(K56=TRUE(),0,IF(C56="x",IF(ISBLANK(A56),"", I56*(J56/100)),"PENDENTE")) -> 294.25926 | P56: =IFERROR(__xludf.DUMMYFUNCTION("""COMPUTED_VALUE"""),"x") -> x | R56: =IFERROR(__xludf.DUMMYFUNCTION("""COMPUTED_VALUE"""),"x") -> x | S56: =IFERROR(__xludf.DUMMYFUNCTION("""COMPUTED_VALUE"""),"x") -> x | Z56: x | AA56: x | AB56: =COUNTA(M56:Y56) -> 3 | AC56: =IF(M56="x",M$1000*1,"")*BY56 -> #VALUE! | AD56: =IF(N56="x",N$1000*1,"")*BZ56 -> #VALUE! | AE56: =IF(O56="x",O$1000*1,"")*CA56 -> #VALUE! | AF56: =IF(P56="x",P$1000*1,"")*CB56 -> 1.2 | AG56: =IF(Q56="x",Q$1000*1,"")*CC56 -> #VALUE! | AH56: =IF(R56="x",R$1000*1,"")*CD56 -> 1 | AI56: =IF(S56="x",S$1000*1,"")*CE56 -> 1.1 | AJ56: =IF(T56="x",T$1000*1,"")*CF56 -> #VALUE! | ... AQ56: =IF(AA56="x",AA$1000*1,"")*CM56 -> 0 | AR56: =SUM(AC56:AQ56) -> #VALUE! | AS56: =IFERROR(L56/AR56,"") | AT56: =IFERROR(__xludf.DUMMYFUNCTION("""COMPUTED_VALUE"""),"") | AU56: =IFERROR(__xludf.DUMMYFUNCTION("""COMPUTED_VALUE"""),10) -> 10 | AV56: =IFERROR(__xludf.DUMMYFUNCTION("""COMPUTED_VALUE"""),"") | AW56: =IFERROR(__xludf.DUMMYFUNCTION("""COMPUTED_VALUE"""),10) -> 10 | AX56: =IFERROR(__xludf.DUMMYFUNCTION("""COMPUTED_VALUE"""),10) -> 10 | AY56: =IFERROR(__xludf.DUMMYFUNCTION("""COMPUTED_VALUE"""),7.5) -> 7.5 | AZ56: =IFERROR(__xludf.DUMMYFUNCTION("""COMPUTED_VALUE"""),7.5) -> 7.5 | BA56: =IFERROR(__xludf.DUMMYFUNCTION("""COMPUTED_VALUE"""),"") | BB56: =IFERROR(__xludf.DUMMYFUNCTION("""COMPUTED_VALUE"""),"") | BC56: =IFERROR(__xludf.DUMMYFUNCTION("""COMPUTED_VALUE"""),"") | BD56: =IFERROR(__xludf.DUMMYFUNCTION("""COMPUTED_VALUE"""),"") | BF56: =IFERROR(__xludf.DUMMYFUNCTION("""COMPUTED_VALUE"""),"") | BG56: =IFERROR(__xludf.DUMMYFUNCTION("""COMPUTED_VALUE"""),10) -> 10 | BH56: =IFERROR(__xludf.DUMMYFUNCTION("""COMPUTED_VALUE"""),10) -> 10 | BI56: =IF(AC56=0,"",AC56*$AS56*(AT56/10)) -> #VALUE! | BJ56: =IF(AD56=0,"",AD56*$AS56*(AU56/10)) -> #VALUE! | BK56: =IF(AE56=0,"",AE56*$AS56*(AV56/10)) -> #VALUE! | BL56: =IF(AF56=0,"",AF56*$AS56*(AW56/10)) -> #VALUE! | BM56: =IF(AG56=0,"",AG56*$AS56*(AX56/10)) -> #VALUE! | BN56: =IF(AH56=0,"",AH56*$AS56*(AY56/10)) -> #VALUE! | BO56: =IF(AI56=0,"",AI56*$AS56*(AZ56/10)) -> #VALUE! | BP56: =IF(AJ56=0,"",AJ56*$AS56*(BA56/10)) -> #VALUE! | ... BW56: =IF(AQ56=0,"",AQ56*$AS56*(BH56/10)) | BX56: =SUM(BI56:BW56) -> #VALUE! | BY56: =IF(M56="x","1","") | BZ56: =IF(N56="x","1","") | CA56: =IF(O56="x","1","") | CB56: =IF(P56="x","1","") -> 1 | CC56: =IF(Q56="x","1","") | CD56: =IF(R56="x","1","") -> 1 | CE56: =IF(S56="x","1","") -> 1 | CF56: =IF(T56="x","1","") | ... CH56: =IF(V56="x","1","")
A57: =IFERROR(__xludf.DUMMYFUNCTION("""COMPUTED_VALUE"""),"P673") -> P673 | B57: =IFERROR(__xludf.DUMMYFUNCTION("""COMPUTED_VALUE"""),"Raquel Emerick") -> Raquel Emerick | C57: x | D57: =IFERROR(__xludf.DUMMYFUNCTION("""COMPUTED_VALUE"""),45749) -> 45749 | E57: =IF(ISBLANK(D57),"",TEXT(D57,"MMMM")) -> abril | F57: =IFERROR(__xludf.DUMMYFUNCTION("""COMPUTED_VALUE"""),14) -> 14 | G57: =IFERROR(__xludf.DUMMYFUNCTION("""COMPUTED_VALUE"""),560) -> 560 | H57: =IF(ISBLANK(G57),"",F57*G57/1000) -> 7.84 | I57: =IF(ISBLANK(F57),"",IF(H57<5,200,IF(H57<10,300,IF(H57<20,500,IF(H57<30,750,IF(H57<50,1000,IF(H57<75,1500,IF(H57>75,2000)))))))) -> 300 | J57: =IFERROR(__xludf.DUMMYFUNCTION("""COMPUTED_VALUE"""),89.3333333333333) -> 89.333333 | K57: FALSE | L57: =IF(K57=TRUE(),0,IF(C57="x",IF(ISBLANK(A57),"", I57*(J57/100)),"PENDENTE")) -> 268 | M57: =IFERROR(__xludf.DUMMYFUNCTION("""COMPUTED_VALUE"""),"x") -> x | Q57: =IFERROR(__xludf.DUMMYFUNCTION("""COMPUTED_VALUE"""),"x") -> x | R57: =IFERROR(__xludf.DUMMYFUNCTION("""COMPUTED_VALUE"""),"x") -> x | S57: =IFERROR(__xludf.DUMMYFUNCTION("""COMPUTED_VALUE"""),"x") -> x | Z57: x | AA57: x | AB57: =COUNTA(M57:Y57) -> 4 | AC57: =IF(M57="x",M$1000*1,"")*BY57 -> 1.2 | AD57: =IF(N57="x",N$1000*1,"")*BZ57 -> #VALUE! | AE57: =IF(O57="x",O$1000*1,"")*CA57 -> #VALUE! | AF57: =IF(P57="x",P$1000*1,"")*CB57 -> #VALUE! | AG57: =IF(Q57="x",Q$1000*1,"")*CC57 -> 1 | AH57: =IF(R57="x",R$1000*1,"")*CD57 -> 1 | AI57: =IF(S57="x",S$1000*1,"")*CE57 -> 1.1 | AJ57: =IF(T57="x",T$1000*1,"")*CF57 -> #VALUE! | ... AQ57: =IF(AA57="x",AA$1000*1,"")*CM57 -> 0 | AR57: =SUM(AC57:AQ57) -> #VALUE! | AS57: =IFERROR(L57/AR57,"") | AT57: =IFERROR(__xludf.DUMMYFUNCTION("""COMPUTED_VALUE"""),10) -> 10 | AU57: =IFERROR(__xludf.DUMMYFUNCTION("""COMPUTED_VALUE"""),"") | AV57: =IFERROR(__xludf.DUMMYFUNCTION("""COMPUTED_VALUE"""),"") | AW57: =IFERROR(__xludf.DUMMYFUNCTION("""COMPUTED_VALUE"""),"") | AX57: =IFERROR(__xludf.DUMMYFUNCTION("""COMPUTED_VALUE"""),10) -> 10 | AY57: =IFERROR(__xludf.DUMMYFUNCTION("""COMPUTED_VALUE"""),10) -> 10 | AZ57: =IFERROR(__xludf.DUMMYFUNCTION("""COMPUTED_VALUE"""),10) -> 10 | BA57: =IFERROR(__xludf.DUMMYFUNCTION("""COMPUTED_VALUE"""),"") | BB57: =IFERROR(__xludf.DUMMYFUNCTION("""COMPUTED_VALUE"""),"") | BC57: =IFERROR(__xludf.DUMMYFUNCTION("""COMPUTED_VALUE"""),"") | BD57: =IFERROR(__xludf.DUMMYFUNCTION("""COMPUTED_VALUE"""),"") | BF57: =IFERROR(__xludf.DUMMYFUNCTION("""COMPUTED_VALUE"""),"") | BG57: =IFERROR(__xludf.DUMMYFUNCTION("""COMPUTED_VALUE"""),9.75) -> 9.75 | BH57: =IFERROR(__xludf.DUMMYFUNCTION("""COMPUTED_VALUE"""),10) -> 10 | BI57: =IF(AC57=0,"",AC57*$AS57*(AT57/10)) -> #VALUE! | BJ57: =IF(AD57=0,"",AD57*$AS57*(AU57/10)) -> #VALUE! | BK57: =IF(AE57=0,"",AE57*$AS57*(AV57/10)) -> #VALUE! | BL57: =IF(AF57=0,"",AF57*$AS57*(AW57/10)) -> #VALUE! | BM57: =IF(AG57=0,"",AG57*$AS57*(AX57/10)) -> #VALUE! | BN57: =IF(AH57=0,"",AH57*$AS57*(AY57/10)) -> #VALUE! | BO57: =IF(AI57=0,"",AI57*$AS57*(AZ57/10)) -> #VALUE! | BP57: =IF(AJ57=0,"",AJ57*$AS57*(BA57/10)) -> #VALUE! | ... BW57: =IF(AQ57=0,"",AQ57*$AS57*(BH57/10)) | BX57: =SUM(BI57:BW57) -> #VALUE! | BY57: =IF(M57="x","1","") -> 1 | BZ57: =IF(N57="x","1","") | CA57: =IF(O57="x","1","") | CB57: =IF(P57="x","1","") | CC57: =IF(Q57="x","1","") -> 1 | CD57: =IF(R57="x","1","") -> 1 | CE57: =IF(S57="x","1","") -> 1 | CF57: =IF(T57="x","1","") | ... CH57: =IF(V57="x","1","")
A58: =IFERROR(__xludf.DUMMYFUNCTION("""COMPUTED_VALUE"""),"P697") -> P697 | B58: =IFERROR(__xludf.DUMMYFUNCTION("""COMPUTED_VALUE"""),"Viviane Borel") -> Viviane Borel | C58: x | D58: =IFERROR(__xludf.DUMMYFUNCTION("""COMPUTED_VALUE"""),45761) -> 45761 | E58: =IF(ISBLANK(D58),"",TEXT(D58,"MMMM")) -> abril | F58: =IFERROR(__xludf.DUMMYFUNCTION("""COMPUTED_VALUE"""),14) -> 14 | G58: =IFERROR(__xludf.DUMMYFUNCTION("""COMPUTED_VALUE"""),600) -> 600 | H58: =IF(ISBLANK(G58),"",F58*G58/1000) -> 8.4 | I58: =IF(ISBLANK(F58),"",IF(H58<5,200,IF(H58<10,300,IF(H58<20,500,IF(H58<30,750,IF(H58<50,1000,IF(H58<75,1500,IF(H58>75,2000)))))))) -> 300 | J58: =IFERROR(__xludf.DUMMYFUNCTION("""COMPUTED_VALUE"""),89) -> 89 | K58: FALSE | L58: =IF(K58=TRUE(),0,IF(C58="x",IF(ISBLANK(A58),"", I58*(J58/100)),"PENDENTE")) -> 267 | O58: =IFERROR(__xludf.DUMMYFUNCTION("""COMPUTED_VALUE"""),"x") -> x | P58: =IFERROR(__xludf.DUMMYFUNCTION("""COMPUTED_VALUE"""),"x") -> x | R58: =IFERROR(__xludf.DUMMYFUNCTION("""COMPUTED_VALUE"""),"x") -> x | S58: =IFERROR(__xludf.DUMMYFUNCTION("""COMPUTED_VALUE"""),"x") -> x | T58: =IFERROR(__xludf.DUMMYFUNCTION("""COMPUTED_VALUE"""),"x") -> x | Z58: x | AA58: x | AB58: =COUNTA(M58:Y58) -> 5 | AC58: =IF(M58="x",M$1000*1,"")*BY58 -> #VALUE! | AD58: =IF(N58="x",N$1000*1,"")*BZ58 -> #VALUE! | AE58: =IF(O58="x",O$1000*1,"")*CA58 -> 1 | AF58: =IF(P58="x",P$1000*1,"")*CB58 -> 1.2 | AG58: =IF(Q58="x",Q$1000*1,"")*CC58 -> #VALUE! | AH58: =IF(R58="x",R$1000*1,"")*CD58 -> 1 | AI58: =IF(S58="x",S$1000*1,"")*CE58 -> 1.1 | AJ58: =IF(T58="x",T$1000*1,"")*CF58 -> 1 | ... AQ58: =IF(AA58="x",AA$1000*1,"")*CM58 -> 0 | AR58: =SUM(AC58:AQ58) -> #VALUE! | AS58: =IFERROR(L58/AR58,"") | AT58: =IFERROR(__xludf.DUMMYFUNCTION("""COMPUTED_VALUE"""),10) -> 10 | AU58: =IFERROR(__xludf.DUMMYFUNCTION("""COMPUTED_VALUE"""),9.25) -> 9.25 | AV58: =IFERROR(__xludf.DUMMYFUNCTION("""COMPUTED_VALUE"""),9.5) -> 9.5 | AW58: =IFERROR(__xludf.DUMMYFUNCTION("""COMPUTED_VALUE"""),8) -> 8 | AX58: =IFERROR(__xludf.DUMMYFUNCTION("""COMPUTED_VALUE"""),9) -> 9 | AY58: =IFERROR(__xludf.DUMMYFUNCTION("""COMPUTED_VALUE"""),10) -> 10 | AZ58: =IFERROR(__xludf.DUMMYFUNCTION("""COMPUTED_VALUE"""),10) -> 10 | BA58: =IFERROR(__xludf.DUMMYFUNCTION("""COMPUTED_VALUE"""),9.5) -> 9.5 | BB58: =IFERROR(__xludf.DUMMYFUNCTION("""COMPUTED_VALUE"""),"") | BC58: =IFERROR(__xludf.DUMMYFUNCTION("""COMPUTED_VALUE"""),"") | BD58: =IFERROR(__xludf.DUMMYFUNCTION("""COMPUTED_VALUE"""),"") | BF58: =IFERROR(__xludf.DUMMYFUNCTION("""COMPUTED_VALUE"""),"") | BG58: =IFERROR(__xludf.DUMMYFUNCTION("""COMPUTED_VALUE"""),8.6) -> 8.6 | BH58: =IFERROR(__xludf.DUMMYFUNCTION("""COMPUTED_VALUE"""),10) -> 10 | BI58: =IF(AC58=0,"",AC58*$AS58*(AT58/10)) -> #VALUE! | BJ58: =IF(AD58=0,"",AD58*$AS58*(AU58/10)) -> #VALUE! | BK58: =IF(AE58=0,"",AE58*$AS58*(AV58/10)) -> #VALUE! | BL58: =IF(AF58=0,"",AF58*$AS58*(AW58/10)) -> #VALUE! | BM58: =IF(AG58=0,"",AG58*$AS58*(AX58/10)) -> #VALUE! | BN58: =IF(AH58=0,"",AH58*$AS58*(AY58/10)) -> #VALUE! | BO58: =IF(AI58=0,"",AI58*$AS58*(AZ58/10)) -> #VALUE! | BP58: =IF(AJ58=0,"",AJ58*$AS58*(BA58/10)) -> #VALUE! | ... BW58: =IF(AQ58=0,"",AQ58*$AS58*(BH58/10)) | BX58: =SUM(BI58:BW58) -> #VALUE! | BY58: =IF(M58="x","1","") | BZ58: =IF(N58="x","1","") | CA58: =IF(O58="x","1","") -> 1 | CB58: =IF(P58="x","1","") -> 1 | CC58: =IF(Q58="x","1","") | CD58: =IF(R58="x","1","") -> 1 | CE58: =IF(S58="x","1","") -> 1 | CF58: =IF(T58="x","1","") -> 1 | ... CH58: =IF(V58="x","1","")
A59: =IFERROR(__xludf.DUMMYFUNCTION("""COMPUTED_VALUE"""),"P502") -> P502 | B59: =IFERROR(__xludf.DUMMYFUNCTION("""COMPUTED_VALUE"""),"Jaqueline Pena") -> Jaqueline Pena | C59: x | D59: =IFERROR(__xludf.DUMMYFUNCTION("""COMPUTED_VALUE"""),45770) -> 45770 | E59: =IF(ISBLANK(D59),"",TEXT(D59,"MMMM")) -> abril | F59: =IFERROR(__xludf.DUMMYFUNCTION("""COMPUTED_VALUE"""),22) -> 22 | G59: =IFERROR(__xludf.DUMMYFUNCTION("""COMPUTED_VALUE"""),555) -> 555 | H59: =IF(ISBLANK(G59),"",F59*G59/1000) -> 12.21 | I59: =IF(ISBLANK(F59),"",IF(H59<5,200,IF(H59<10,300,IF(H59<20,500,IF(H59<30,750,IF(H59<50,1000,IF(H59<75,1500,IF(H59>75,2000)))))))) -> 500 | J59: =IFERROR(__xludf.DUMMYFUNCTION("""COMPUTED_VALUE"""),92.1666666666666) -> 92.166667 | K59: FALSE | L59: =IF(K59=TRUE(),0,IF(C59="x",IF(ISBLANK(A59),"", I59*(J59/100)),"PENDENTE")) -> 460.83333 | M59: =IFERROR(__xludf.DUMMYFUNCTION("""COMPUTED_VALUE"""),"x") -> x | Q59: =IFERROR(__xludf.DUMMYFUNCTION("""COMPUTED_VALUE"""),"x") -> x | R59: =IFERROR(__xludf.DUMMYFUNCTION("""COMPUTED_VALUE"""),"x") -> x | Z59: x | AA59: x | AB59: =COUNTA(M59:Y59) -> 3 | AC59: =IF(M59="x",M$1000*1,"")*BY59 -> 1.2 | AD59: =IF(N59="x",N$1000*1,"")*BZ59 -> #VALUE! | AE59: =IF(O59="x",O$1000*1,"")*CA59 -> #VALUE! | AF59: =IF(P59="x",P$1000*1,"")*CB59 -> #VALUE! | AG59: =IF(Q59="x",Q$1000*1,"")*CC59 -> 1 | AH59: =IF(R59="x",R$1000*1,"")*CD59 -> 0.33 | AI59: =IF(S59="x",S$1000*1,"")*CE59 -> #VALUE! | AJ59: =IF(T59="x",T$1000*1,"")*CF59 -> #VALUE! | ... AQ59: =IF(AA59="x",AA$1000*1,"")*CM59 -> 0 | AR59: =SUM(AC59:AQ59) -> #VALUE! | AS59: =IFERROR(L59/AR59,"") | AT59: =IFERROR(__xludf.DUMMYFUNCTION("""COMPUTED_VALUE"""),10) -> 10 | AU59: =IFERROR(__xludf.DUMMYFUNCTION("""COMPUTED_VALUE"""),"") | AV59: =IFERROR(__xludf.DUMMYFUNCTION("""COMPUTED_VALUE"""),"") | AW59: =IFERROR(__xludf.DUMMYFUNCTION("""COMPUTED_VALUE"""),"") | AX59: =IFERROR(__xludf.DUMMYFUNCTION("""COMPUTED_VALUE"""),10) -> 10 | AY59: =IFERROR(__xludf.DUMMYFUNCTION("""COMPUTED_VALUE"""),10) -> 10 | AZ59: =IFERROR(__xludf.DUMMYFUNCTION("""COMPUTED_VALUE"""),"") | BA59: =IFERROR(__xludf.DUMMYFUNCTION("""COMPUTED_VALUE"""),"") | BB59: =IFERROR(__xludf.DUMMYFUNCTION("""COMPUTED_VALUE"""),"") | BC59: =IFERROR(__xludf.DUMMYFUNCTION("""COMPUTED_VALUE"""),"") | BD59: =IFERROR(__xludf.DUMMYFUNCTION("""COMPUTED_VALUE"""),"") | BF59: =IFERROR(__xludf.DUMMYFUNCTION("""COMPUTED_VALUE"""),"") | BG59: =IFERROR(__xludf.DUMMYFUNCTION("""COMPUTED_VALUE"""),7.33333333333333) -> 7.3333333 | BH59: =IFERROR(__xludf.DUMMYFUNCTION("""COMPUTED_VALUE"""),10) -> 10 | BI59: =IF(AC59=0,"",AC59*$AS59*(AT59/10)) -> #VALUE! | BJ59: =IF(AD59=0,"",AD59*$AS59*(AU59/10)) -> #VALUE! | BK59: =IF(AE59=0,"",AE59*$AS59*(AV59/10)) -> #VALUE! | BL59: =IF(AF59=0,"",AF59*$AS59*(AW59/10)) -> #VALUE! | BM59: =IF(AG59=0,"",AG59*$AS59*(AX59/10)) -> #VALUE! | BN59: =IF(AH59=0,"",AH59*$AS59*(AY59/10)) -> #VALUE! | BO59: =IF(AI59=0,"",AI59*$AS59*(AZ59/10)) -> #VALUE! | BP59: =IF(AJ59=0,"",AJ59*$AS59*(BA59/10)) -> #VALUE! | ... BW59: =IF(AQ59=0,"",AQ59*$AS59*(BH59/10)) | BX59: =SUM(BI59:BW59) -> #VALUE! | BY59: =IF(M59="x","1","") -> 1 | BZ59: =IF(N59="x","1","") | CA59: =IF(O59="x","1","") | CB59: =IF(P59="x","1","") | CC59: =IF(Q59="x","1","") -> 1 | CD59: 0.33 | CE59: 0.33 | CF59: =IF(T59="x","1","") | CG59: =IF(U59="x","1","") | CH59: =IF(V59="x","1","")
